Class,Conference,DPS,Minutes,OPA,Player Code,Player,School,TPA
SR,Big Ten,58.05,1064,143.32,"Dakota Mathias, Purdue",Dakota Mathias,Purdue,201.37
SR,OVC,-23.04,1126,126.71,"Jonathan Stark, Murray State",Jonathan Stark,Murray State,103.67
FR,ACC,122.32,895,98.49,"Wendell Carter Jr., Duke",Wendell Carter Jr.,Duke,220.81
SR,AAC,135.38,924,104.62,"Gary Clark, Cincinnati",Gary Clark,Cincinnati,240
FR,Pac-12,85.7,1134,138.28,"DeAndre Ayton, Arizona",DeAndre Ayton,Arizona,223.98
SR,ACC,47.28,1158,145.94,"Grayson Allen, Duke",Grayson Allen,Duke,193.22
FR,ACC,58.18,964,124.91,"Marvin Bagley III, Duke",Marvin Bagley III,Duke,183.09
FR,ACC,37.2,1103,103.76,"Gary Trent Jr., Duke",Gary Trent Jr.,Duke,140.96
JR,Big East,55.24,1009,123.38,"Khyri Thomas, Creighton",Khyri Thomas,Creighton,178.62
JR,Big East,37.3,928,76.22,"Paul Jorgensen, Butler",Paul Jorgensen,Butler,113.52
SO,ACC,45.93,375,30.62,"Javin DeLaurier, Duke",Javin DeLaurier,Duke,76.55
SO,SEC,102.26,525,30.87,"Anfernee McLemore, Auburn",Anfernee McLemore,Auburn,133.13
SO,ACC,42.22,335,17.84,"Marques Bolden, Duke",Marques Bolden,Duke,60.06
JR,AAC,107.2,1006,82.07,"Jacob Evans, Cincinnati",Jacob Evans,Cincinnati,189.27
FR,ACC,32.48,963,25.64,"Trevon Duval, Duke",Trevon Duval,Duke,58.12
SR,Big East,5.54,1011,103.32,"Marcus Foster, Creighton",Marcus Foster,Creighton,108.86
JR,Big East,51.74,746,31.31,"Ronnie Harrell, Creighton",Ronnie Harrell,Creighton,83.05
,ACC,12.11,359,30.59,"Alex O'Connell, Duke",Alex O'Connell,Duke,42.7
JR,Southland,54.8,927,-5.14,"T.J. Holyfield, Stephen F. Austin",T.J. Holyfield,Stephen F. Austin,49.66
SO,AAC,69.01,942,48.62,"Jarron Cumberland, Cincinnati",Jarron Cumberland,Cincinnati,117.63
SO,Big Ten,29.1,1004,133.52,"Carsen Edwards, Purdue",Carsen Edwards,Purdue,162.62
SO,Big East,33,441,43.46,"Martin Krampelj, Creighton",Martin Krampelj,Creighton,76.46
JR,ACC,35.29,885,86.62,"Terance Mann, Florida State",Terance Mann,Florida State,121.91
JR,Big Ten,84.65,1045,88.17,"Keita Bates-Diop, Ohio State",Keita Bates-Diop,Ohio State,172.82
SO,WCC,71.86,880,99.39,"Killian Tillie, Gonzaga",Killian Tillie,Gonzaga,171.25
SR,AAC,28.37,973,115.14,"Robert Gray Jr., Houston",Robert Gray Jr.,Houston,143.51
SO,ACC,15.44,150,1.86,"Jack White, Duke",Jack White,Duke,17.3
SO,A-10,39.52,1102,80.83,"Jon Axel Gudmundsson, Davidson",Jon Axel Gudmundsson,Davidson,120.35
JR,AAC,24.47,639,43.62,"Cane Broome, Cincinnati",Cane Broome,Cincinnati,68.09
SO,ACC,8.61,77,1.5,"Justin Robinson, Duke",Justin Robinson,Duke,10.11
SO,Big East,70.14,1115,40.92,"Kamar Baldwin, Butler",Kamar Baldwin,Butler,111.06
JR,Pac-12,1.88,1093,157.69,"Allonzo Trier, Arizona",Allonzo Trier,Arizona,159.57
JR,ACC,145.67,902,13.11,"Paschal Chukwu, Syracuse",Paschal Chukwu,Syracuse,158.78
FR,ACC,6.37,163,3.47,"Jordan Goldwire, Duke",Jordan Goldwire,Duke,9.84
SR,ACC,27.76,851,84.83,"Braian Angola-Rodas, Florida State",Braian Angola-Rodas,Florida State,112.59
SR,Big Ten,55.16,1011,99.98,"Vince Edwards, Purdue",Vince Edwards,Purdue,155.14
SR,Big Ten,44.92,941,93.06,"P.J. Thompson, Purdue",P.J. Thompson,Purdue,137.98
SR,Big East,24.58,1172,86.02,"Kelan Martin, Butler",Kelan Martin,Butler,110.6
SR,Southland,19.4,750,22.17,"Ivan Canete, Stephen F. Austin",Ivan Canete,Stephen F. Austin,41.57
SR,SEC,-13.08,1048,166.26,"Daryl Macon, Arkansas",Daryl Macon,Arkansas,153.18
SR,Big East,19.1,654,44.16,"Toby Hegner, Creighton",Toby Hegner,Creighton,63.26
JR,CUSA,114.66,938,37.62,"Ajdin Penava, Marshall",Ajdin Penava,Marshall,152.28
JR,SEC,55.57,756,58.34,"DeSean Murray, Auburn",DeSean Murray,Auburn,113.91
FR,MVC,50.91,790,40.47,"Cameron Krutwig, Loyola (IL)",Cameron Krutwig,Loyola (IL),91.38
SO,SEC,-7.28,990,114.6,"Jared Harper, Auburn",Jared Harper,Auburn,107.32
JR,SEC,92.65,764,56.39,"Donta Hall, Alabama",Donta Hall,Alabama,149.04
JR,CUSA,-2.49,1303,124.44,"Jon Elmore, Marshall",Jon Elmore,Marshall,121.95
SO,ACC,62.15,762,49.72,"Trent Forrest, Florida State",Trent Forrest,Florida State,111.87
SR,SEC,59.71,1030,87.81,"Chris Chiozza, Florida",Chris Chiozza,Florida,147.52
SO,Southland,-13.73,826,47.31,"Kevon Harris, Stephen F. Austin",Kevon Harris,Stephen F. Austin,33.58
FR,OVC,34.08,1052,64.57,"Temetrius Morant, Murray State",Temetrius Morant,Murray State,98.65
JR,AAC,22.81,950,120.56,"Corey Davis Jr., Houston",Corey Davis Jr.,Houston,143.37
SO,AAC,21.34,655,78.63,"Armoni Brooks, Houston",Armoni Brooks,Houston,99.97
SR,Pac-12,35.44,1086,80.2,"Parker Jackson-Cartwright, Arizona",Parker Jackson-Cartwright,Arizona,115.64
SR,Big East,58.52,1051,74.98,"Jalen Lindsey, Providence",Jalen Lindsey,Providence,133.5
FR,Big Ten,92.78,561,8.61,"Matt Haarms, Purdue",Matt Haarms,Purdue,101.39
JR,ACC,3.98,64,0.34,"Antonio Vrankovic, Duke",Antonio Vrankovic,Duke,4.32
,ACC,0.3,5,0.63,"Mike Buckmire, Duke",Mike Buckmire,Duke,0.93
JR,Pac-12,-2.15,1204,142.04,"Aaron Holiday, UCLA",Aaron Holiday,UCLA,139.89
SO,Big East,35.75,682,63.17,"Sean McDermott, Butler",Sean McDermott,Butler,98.92
JR,WCC,32.76,1109,100.2,"Josh Perkins, Gonzaga",Josh Perkins,Gonzaga,132.96
SO,Big East,49.38,946,42.8,"Alpha Diallo, Providence",Alpha Diallo,Providence,92.18
SO,AAC,43.26,406,12.84,"Tre Scott, Cincinnati",Tre Scott,Cincinnati,56.1
FR,SEC,47.62,682,57.65,"Chuma Okeke, Auburn",Chuma Okeke,Auburn,105.27
FR,ACC,-0.8,14,-0.89,"Jordan Tucker, Duke",Jordan Tucker,Duke,-1.69
SR,ACC,-4.94,908,60.89,"Phil Cofer, Florida State",Phil Cofer,Florida State,55.95
SR,Big East,50.88,1083,26.38,"Rodney Bullock, Providence",Rodney Bullock,Providence,77.26
JR,SEC,92.11,539,10.89,"Horace Spencer, Auburn",Horace Spencer,Auburn,103
FR,WCC,33.94,888,94.12,"Zach Norvell Jr., Gonzaga",Zach Norvell Jr.,Gonzaga,128.06
JR,ACC,103.58,952,48.55,"Anthony Lawrence Jr., Miami (FL)",Anthony Lawrence Jr.,Miami (FL),152.13
SR,SEC,1.89,1061,130.5,"Jaylen Barford, Arkansas",Jaylen Barford,Arkansas,132.39
SR,OVC,19.29,943,33.76,"Terrell Miller Jr., Murray State",Terrell Miller Jr.,Murray State,53.05
SR,WCC,84.71,995,29.39,"Johnathan Williams, Gonzaga",Johnathan Williams,Gonzaga,114.1
JR,SEC,-10.66,967,103.06,"Bryce Brown, Auburn",Bryce Brown,Auburn,92.4
SR,WAC,105.37,925,24.32,"Jemerrio Jones, New Mexico State",Jemerrio Jones,New Mexico State,129.69
,Pac-12,33.09,688,44.9,"Rawle Alkins, Arizona",Rawle Alkins,Arizona,77.99
SR,WCC,48.7,1038,61.32,"Silas Melson, Gonzaga",Silas Melson,Gonzaga,110.02
FR,SEC,80.87,769,46.61,"Daniel Gafford, Arkansas",Daniel Gafford,Arkansas,127.48
,Big Ten,77.27,954,49.91,"Jae'Sean Tate, Ohio State",Jae'Sean Tate,Ohio State,127.18
SR,Pac-12,49.45,1064,76.08,"Thomas Welsh, UCLA",Thomas Welsh,UCLA,125.53
FR,CUSA,4.19,1098,23.07,"Jarrod West, Marshall",Jarrod West,Marshall,27.26
SO,WCC,20.26,686,30.99,"Rui Hachimura, Gonzaga",Rui Hachimura,Gonzaga,51.25
SR,AAC,62.1,823,9.88,"Devin Davis, Houston",Devin Davis,Houston,71.98
SR,Big East,15.99,1021,49.74,"Kyron Cartwright, Providence",Kyron Cartwright,Providence,65.73
FR,ACC,27.46,850,49.13,"Lonnie Walker, Miami (FL)",Lonnie Walker,Miami (FL),76.59
SR,CUSA,-0.02,9,0.09,"Marcus Reed, Marshall",Marcus Reed,Marshall,0.07
SO,ACC,21.55,743,30.97,"CJ Walker, Florida State",CJ Walker,Florida State,52.52
FR,WCC,11,633,38.49,"Corey Kispert, Gonzaga",Corey Kispert,Gonzaga,49.49
SR,A-10,5.7,1165,112.04,"Peyton Aldridge, Davidson",Peyton Aldridge,Davidson,117.74
SR,Pac-12,13.37,1052,106.93,"Shannon Evans, Arizona State",Shannon Evans,Arizona State,120.3
FR,WCC,25.57,283,6.88,"Jacob Larsen, Gonzaga",Jacob Larsen,Gonzaga,32.45
SO,SEC,0,855,43.99,"Mustapha Heron, Auburn",Mustapha Heron,Auburn,43.99
JR,SEC,108.07,737,8.8,"Kevarrius Hayes, Florida",Kevarrius Hayes,Florida,116.87
FR,SEC,4,544,7,"Davion Mitchell, Auburn",Davion Mitchell,Auburn,11
FR,SEC,4.87,924,108.8,"Collin Sexton, Alabama",Collin Sexton,Alabama,113.67
FR,A-10,-21.2,1084,104.25,"Kellan Grady, Davidson",Kellan Grady,Davidson,83.05
SR,AAC,55.53,758,-3.79,"Kyle Washington, Cincinnati",Kyle Washington,Cincinnati,51.74
JR,SEC,12.94,843,76.18,"Jalen Hudson, Florida",Jalen Hudson,Florida,89.12
SR,Pac-12,20.61,923,44.39,"Dusan Ristic, Arizona",Dusan Ristic,Arizona,65
SO,ACC,44.47,772,61.14,"Omer Yurtseven, North Carolina State",Omer Yurtseven,North Carolina State,105.61
FR,Big East,27.1,675,23.41,"Mitchell Ballock, Creighton",Mitchell Ballock,Creighton,50.51
,WCC,16.57,227,6.71,"Jeremy Jones, Gonzaga",Jeremy Jones,Gonzaga,23.28
FR,ACC,73.08,336,-23.75,"Ike Obiagu, Florida State",Ike Obiagu,Florida State,49.33
JR,ACC,32.94,915,69.17,"Torin Dorn, North Carolina State",Torin Dorn,North Carolina State,102.11
JR,SEC,0.47,17,0.34,"Cole Blackstock, Auburn",Cole Blackstock,Auburn,0.81
FR,ACC,10.5,972,82.23,"Braxton Beverly, North Carolina State",Braxton Beverly,North Carolina State,92.73
SO,SEC,55.21,952,20.08,"Dazon Ingram, Alabama",Dazon Ingram,Alabama,75.29
JR,Big Sky,26.08,1063,87.56,"Michael Oguine, Montana",Michael Oguine,Montana,113.64
SR,SEC,66.44,611,7.62,"Trey Thompson, Arkansas",Trey Thompson,Arkansas,74.06
FR,AAC,62.04,532,8.21,"Fabian White Jr., Houston",Fabian White Jr.,Houston,70.25
SO,ACC,56.58,640,16.32,"Bruce Brown, Miami (FL)",Bruce Brown,Miami (FL),72.9
JR,ACC,21.38,347,8.18,"Chris Koumadje, Florida State",Chris Koumadje,Florida State,29.56
FR,ACC,14.6,424,14.6,"Mfiondu Kabengele, Florida State",Mfiondu Kabengele,Florida State,29.2
JR,AAC,12.79,640,21.31,"Justin Jenifer, Cincinnati",Justin Jenifer,Cincinnati,34.1
SR,SEC,5.49,1026,49.38,"Anton Beard, Arkansas",Anton Beard,Arkansas,54.87
SO,SEC,37.34,419,6.72,"Adrio Bailey, Arkansas",Adrio Bailey,Arkansas,44.06
SR,AAC,17.11,475,36.66,"Wes VanBeck, Houston",Wes VanBeck,Houston,53.77
FR,WCC,2.41,99,1.03,"Jesse Wade, Gonzaga",Jesse Wade,Gonzaga,3.44
JR,Big Ten,37.69,971,72.1,"C.J. Jackson, Ohio State",C.J. Jackson,Ohio State,109.79
SO,ACC,-3.62,709,53.03,"Dejan Vasiljevic, Miami (FL)",Dejan Vasiljevic,Miami (FL),49.41
SO,WCC,-1.01,6,-0.01,"Alex Martin, Gonzaga",Alex Martin,Gonzaga,-1.02
SR,A-10,13.51,592,36.67,"Rusty Reigel, Davidson",Rusty Reigel,Davidson,50.18
SO,Big East,25.52,666,12.15,"Davion Mintz, Creighton",Davion Mintz,Creighton,37.67
FR,CUSA,-0.16,4,-0.79,"Will Fenton, Marshall",Will Fenton,Marshall,-0.95
FR,SEC,-0.31,14,-1.18,"Brett Easterling, Auburn",Brett Easterling,Auburn,-1.49
JR,Big East,29.06,696,10.9,"Isaiah Jackson, Providence",Isaiah Jackson,Providence,39.96
SR,A-10,22.46,599,14.65,"Will Magarity, Davidson",Will Magarity,Davidson,37.11
FR,Big Ten,35.8,663,71.6,"Kaleb Wesson, Ohio State",Kaleb Wesson,Ohio State,107.4
SO,SEC,-0.4,10,-1.6,"Thomas Collier, Auburn",Thomas Collier,Auburn,-2
SO,SEC,0.02,10,-2.35,"Devontae Williams, Auburn",Devontae Williams,Auburn,-2.33
SO,ACC,24.83,726,35.28,"Markell Johnson, North Carolina State",Markell Johnson,North Carolina State,60.11
SR,SEC,-0.91,19,-3.14,"Patrick Keim, Auburn",Patrick Keim,Auburn,-4.05
JR,Sun Belt,55.06,1150,49.16,"Malik Benlevi, Georgia State",Malik Benlevi,Georgia State,104.22
JR,AAC,50.25,771,-3.97,"Galen Robinson Jr., Houston",Galen Robinson Jr.,Houston,46.28
JR,OVC,40.44,847,10.11,"Leroy Buchanan, Murray State",Leroy Buchanan,Murray State,50.55
SR,WAC,7.13,1017,96.24,"Zach Lofton, New Mexico State",Zach Lofton,New Mexico State,103.37
SR,Pac-12,7.79,1073,95.43,"Tra Holder, Arizona State",Tra Holder,Arizona State,103.22
SO,SEC,-1.71,15,-2.89,"Will Macoy, Auburn",Will Macoy,Auburn,-4.6
SR,A-10,5.06,517,28.65,"Oskar Michelsen, Davidson",Oskar Michelsen,Davidson,33.71
FR,ACC,-1.09,604,17.52,"M.J. Walker, Florida State",M.J. Walker,Florida State,16.43
SR,ACC,27.42,544,30.36,"Lennard Freeman, North Carolina State",Lennard Freeman,North Carolina State,57.78
,SEC,42.88,610,10.72,"Braxton Key, Alabama",Braxton Key,Alabama,53.6
,WCC,0.15,14,-1.78,"Brian Pete, Gonzaga",Brian Pete,Gonzaga,-1.63
SR,Big East,24.87,647,56.53,"Tyler Wideman, Butler",Tyler Wideman,Butler,81.4
JR,ACC,29.97,452,19.21,"Ebuka Izundu, Miami (FL)",Ebuka Izundu,Miami (FL),49.18
JR,AAC,2.55,124,4.25,"Gabe Grant, Houston",Gabe Grant,Houston,6.8
,ACC,13.8,1095,35.48,"Allerik Freeman, North Carolina State",Allerik Freeman,North Carolina State,49.28
SR,SEC,23.17,500,8.91,"Dustin Thomas, Arkansas",Dustin Thomas,Arkansas,32.08
FR,Big Ten,132.31,731,67.4,"Jaren Jackson Jr., Michigan State",Jaren Jackson Jr.,Michigan State,199.71
JR,OVC,26.67,447,-12.19,"Anthony Smith, Murray State",Anthony Smith,Murray State,14.48
FR,Big East,10.46,573,10.46,"Ty-Shon Alexander, Creighton",Ty-Shon Alexander,Creighton,20.92
JR,SEC,30.66,999,56.21,"KeVaughn Allen, Florida",KeVaughn Allen,Florida,86.87
SR,Pac-12,54.58,783,41.99,"Gyorgy Goloman, UCLA",Gyorgy Goloman,UCLA,96.57
SR,Pac-12,16.35,1001,79.94,"Kodi Justice, Arizona State",Kodi Justice,Arizona State,96.29
,Big East,9.71,152,8.04,"Jacob Epperson, Creighton",Jacob Epperson,Creighton,17.75
JR,Big East,36.55,581,39.6,"Nate Fowler, Butler",Nate Fowler,Butler,76.15
SR,AAC,15.3,446,-9.18,"Nura Zanna, Houston",Nura Zanna,Houston,6.12
FR,SEC,75.4,692,-26.76,"Herb Jones, Alabama",Herb Jones,Alabama,48.64
JR,Big East,0.84,115,14.9,"Kaleb Joseph, Creighton",Kaleb Joseph,Creighton,15.74
SR,Big Ten,38.34,803,57.5,"Isaac Haas, Purdue",Isaac Haas,Purdue,95.84
SO,WCC,2.51,39,-4.34,"Jack Beach, Gonzaga",Jack Beach,Gonzaga,-1.83
SR,ACC,-6.44,511,47.83,"Sam Hunt, North Carolina State",Sam Hunt,North Carolina State,41.39
JR,OVC,23.98,541,-15.68,"Brion Sanchious, Murray State",Brion Sanchious,Murray State,8.3
FR,ACC,77.97,894,14.44,"Marek Dolezaj, Syracuse",Marek Dolezaj,Syracuse,92.41
JR,SEC,2.51,456,-7.54,"Malik Dunbar, Auburn",Malik Dunbar,Auburn,-5.03
SO,Big East,44.16,564,-9.81,"Kalif Young, Providence",Kalif Young,Providence,34.35
SO,Big Ten,66.39,997,97.04,"Miles Bridges, Michigan State",Miles Bridges,Michigan State,163.43
SO,Big Ten,15.66,917,142.49,"Cassius Winston, Michigan State",Cassius Winston,Michigan State,158.15
JR,MVC,13.49,907,70.44,"Clayton Custer, Loyola (IL)",Clayton Custer,Loyola (IL),83.93
JR,ACC,93.69,1141,114.05,"Luke Maye, North Carolina",Luke Maye,North Carolina,207.74
SR,SEC,16.71,980,63.49,"Egor Koulechov, Florida",Egor Koulechov,Florida,80.2
JR,ACC,-14.16,279,20.73,"PJ Savoy, Florida State",PJ Savoy,Florida State,6.57
JR,Southland,-13.57,816,43.72,"Shannon Bogues, Stephen F. Austin",Shannon Bogues,Stephen F. Austin,30.15
FR,AAC,23.08,385,10.9,"Trevor Moore, Cincinnati",Trevor Moore,Cincinnati,33.98
SR,Patriot,-3.72,1024,91.07,"Stephen Brown, Bucknell",Stephen Brown,Bucknell,87.35
SO,SEC,39.18,766,31.34,"Keith Stone, Florida",Keith Stone,Florida,70.52
SO,Big Ten,41.89,629,56.92,"Nick Ward, Michigan State",Nick Ward,Michigan State,98.81
FR,ACC,14.22,395,2.13,"Lavar Batts Jr., North Carolina State",Lavar Batts Jr.,North Carolina State,16.35
SR,MVC,43.57,1014,28.49,"Donte Ingram, Loyola (IL)",Donte Ingram,Loyola (IL),72.06
SO,AAC,39.87,328,-14.2,"Nysier Brooks, Cincinnati",Nysier Brooks,Cincinnati,25.67
SR,Big East,0.63,173,12.63,"Tyler Clement, Creighton",Tyler Clement,Creighton,13.26
SO,A-10,3.8,778,26.63,"KiShawn Pritchett, Davidson",KiShawn Pritchett,Davidson,30.43
JR,Big South,61.73,1087,20.58,"Ed Polite, Jr., Radford","Ed Polite, Jr.",Radford,82.31
,CUSA,-0.66,5,-1.86,"Christian Villers, Marshall",Christian Villers,Marshall,-2.52
FR,SEC,10.63,497,7.09,"Darious Hall, Arkansas",Darious Hall,Arkansas,17.72
,Big 12,35.81,1277,158.89,"Devonte' Graham, Kansas",Devonte' Graham,Kansas,194.7
FR,SEC,9.97,344,18.18,"Mike Okauru, Florida",Mike Okauru,Florida,28.15
JR,ACC,58.37,1090,128.41,"Kenny Williams, North Carolina",Kenny Williams,North Carolina,186.78
SO,AAC,14.27,160,-12.07,"Chris Harris, Houston",Chris Harris,Houston,2.2
SR,ACC,90.09,1030,77.22,"Theo Pinson, North Carolina",Theo Pinson,North Carolina,167.31
SO,Big West,42.37,898,36.09,"Jackson Rowe, Cal State Fullerton",Jackson Rowe,Cal State Fullerton,78.46
FR,AAC,0.22,13,-1.14,"Cedrick Alley Jr, Houston",Cedrick Alley Jr,Houston,-0.92
FR,SEC,6.84,973,35.91,"John Petty, Alabama",John Petty,Alabama,42.75
SR,Pac-12,20.95,321,0,"Keanu Pinder, Arizona",Keanu Pinder,Arizona,20.95
FR,ACC,1.07,4,-0.54,"Anthony Polite, Florida State",Anthony Polite,Florida State,0.53
SR,ACC,22.01,1121,112.06,"Joel Berry, North Carolina",Joel Berry,North Carolina,134.07
FR,Big East,16.22,466,4.05,"Nate Watson, Providence",Nate Watson,Providence,20.27
SR,Big East,12.41,179,-5.55,"Manny Suarez, Creighton",Manny Suarez,Creighton,6.86
SR,MVC,34.75,701,19.69,"Ben Richardson, Loyola (IL)",Ben Richardson,Loyola (IL),54.44
JR,Big Ten,17.52,684,67.74,"Matt McQuaid, Michigan State",Matt McQuaid,Michigan State,85.26
SO,ACC,8.28,1281,68.27,"Tyus Battle, Syracuse",Tyus Battle,Syracuse,76.55
SO,Big East,-0.72,56,-1.43,"Jordan Scurry, Creighton",Jordan Scurry,Creighton,-2.15
FR,ACC,-1.35,6,1.12,"Travis Light, Florida State",Travis Light,Florida State,-0.23
SO,SEC,-17.14,506,29.76,"C.J. Jones, Arkansas",C.J. Jones,Arkansas,12.62
SO,SEC,46.4,440,-15.47,"Daniel Giddens, Alabama",Daniel Giddens,Alabama,30.93
FR,SEC,9.81,349,1.23,"Alex Reese, Alabama",Alex Reese,Alabama,11.04
FR,AAC,21.71,159,-10.32,"Eliel Nsoseme, Cincinnati",Eliel Nsoseme,Cincinnati,11.39
SO,ACC,-0.87,5,0.01,"Harrison Prieto, Florida State",Harrison Prieto,Florida State,-0.86
,SEC,0.16,6,-0.19,"Jt Plummer, Arkansas",Jt Plummer,Arkansas,-0.03
JR,Big Ten,54.63,421,19.41,"Kenny Goins, Michigan State",Kenny Goins,Michigan State,74.04
SO,Ivy,72.27,955,1.68,"AJ Brodeur, Pennsylvania",AJ Brodeur,Pennsylvania,73.95
SR,Big 12,34.8,1168,116.67,"Sviatoslav Mykhailiuk, Kansas",Sviatoslav Mykhailiuk,Kansas,151.47
FR,MVC,33.35,651,19.36,"Lucas Williamson, Loyola (IL)",Lucas Williamson,Loyola (IL),52.71
SR,Patriot,21.64,1084,51.15,"Zach Thomas, Bucknell",Zach Thomas,Bucknell,72.79
,ACC,17.62,705,84.31,"Cameron Johnson, North Carolina",Cameron Johnson,North Carolina,101.93
JR,MVC,31.93,920,16.72,"Marques Townes, Loyola (IL)",Marques Townes,Loyola (IL),48.65
FR,AAC,1.98,36,-3.03,"Mike Adewunmi, Houston",Mike Adewunmi,Houston,-1.05
JR,ACC,36.77,1265,34.73,"Franklin Howard, Syracuse",Franklin Howard,Syracuse,71.5
FR,Big Ten,33.36,264,16.68,"Xavier Tillman, Michigan State",Xavier Tillman,Michigan State,50.04
SO,Big East,9.55,323,7.31,"Maliek White, Providence",Maliek White,Providence,16.86
FR,AAC,6.36,46,-3.83,"Mamoudou Diarra, Cincinnati",Mamoudou Diarra,Cincinnati,2.53
FR,SEC,14,161,6.31,"Dontay Bassett, Florida",Dontay Bassett,Florida,20.31
JR,AAC,14.49,384,-20.42,"Breaon Brady, Houston",Breaon Brady,Houston,-5.93
SO,CAA,-15.82,1070,84.36,"Grant Riller, College of Charleston",Grant Riller,College of Charleston,68.54
,Pac-12,33.11,570,35.17,"De'Quon Lake, Arizona State",De'Quon Lake,Arizona State,68.28
SO,AAC,0.34,9,0.28,"John Koz, Cincinnati",John Koz,Cincinnati,0.62
JR,A-Sun,-37.5,974,105,"Garrison Mathews, Lipscomb",Garrison Mathews,Lipscomb,67.5
SR,SEC,2.63,166,3.79,"Riley Norris, Alabama",Riley Norris,Alabama,6.42
FR,Pac-12,19.55,718,46.91,"Remy Martin, Arizona State",Remy Martin,Arizona State,66.46
SO,SEC,12.16,246,-0.42,"Gorjok Gak, Florida",Gorjok Gak,Florida,11.74
FR,AAC,21.65,325,-22.19,"Keith Williams, Cincinnati",Keith Williams,Cincinnati,-0.54
SO,Big East,18.49,332,-11.55,"Drew Edwards, Providence",Drew Edwards,Providence,6.94
FR,CUSA,4.16,544,-7.27,"Jannson Williams, Marshall",Jannson Williams,Marshall,-3.11
JR,AAC,2.69,58,-8.75,"Valentine Sangoyomi, Houston",Valentine Sangoyomi,Houston,-6.06
FR,Pac-12,18.42,275,-4.25,"Ira Lee, Arizona",Ira Lee,Arizona,14.17
FR,Pac-12,8.48,949,55.98,"Kris Wilkes, UCLA",Kris Wilkes,UCLA,64.46
SO,Big 12,63.34,753,71.26,"Udoka Azubuike, Kansas",Udoka Azubuike,Kansas,134.6
SR,Big 12,77.98,789,58.49,"Mitchell Solomon, Oklahoma State",Mitchell Solomon,Oklahoma State,136.47
FR,ACC,24.63,511,14.59,"Garrison Brooks, North Carolina",Garrison Brooks,North Carolina,39.22
FR,CUSA,2.85,373,-9.97,"Darius George, Marshall",Darius George,Marshall,-7.12
SR,A-10,-0.81,99,3.23,"Jordan Watkins, Davidson",Jordan Watkins,Davidson,2.42
SR,Big Ten,65.82,1218,103.71,"Muhammad-Ali Abdur-Rahkman, Michigan",Muhammad-Ali Abdur-Rahkman,Michigan,169.53
SO,ACC,-0.49,34,7.34,"Darius Hicks, North Carolina State",Darius Hicks,North Carolina State,6.85
SR,Big Ten,27.92,327,21.22,"Gavin Schilling, Michigan State",Gavin Schilling,Michigan State,49.14
SR,Big Ten,44.36,903,79.85,"Duncan Robinson, Michigan",Duncan Robinson,Michigan,124.21
SR,Patriot,47.49,969,12.31,"Nana Foulland, Bucknell",Nana Foulland,Bucknell,59.8
,SEC,8.45,279,-8.95,"Arlando Cook, Arkansas",Arlando Cook,Arkansas,-0.5
JR,Big Sky,47.66,1046,11,"Bobby Moorehead, Montana",Bobby Moorehead,Montana,58.66
SO,Big Ten,10.58,885,24.18,"Joshua Langford, Michigan State",Joshua Langford,Michigan State,34.76
SR,Big Ten,7.8,571,5.85,"Lourawls Nairn, Michigan State",Lourawls Nairn,Michigan State,13.65
JR,A-Sun,12.32,914,45.75,"Rob Marberry, Lipscomb",Rob Marberry,Lipscomb,58.07
SR,ACC,14.22,395,-11.38,"Abdul-Malik Abu, North Carolina State",Abdul-Malik Abu,North Carolina State,2.84
,Pac-12,43.7,535,13.59,"Mickey Mitchell, Arizona State",Mickey Mitchell,Arizona State,57.29
SO,Southland,24.73,478,-3.53,"John Comeaux, Stephen F. Austin",John Comeaux,Stephen F. Austin,21.2
SO,Big 12,45.55,782,48.31,"Cameron McGriff, Oklahoma State",Cameron McGriff,Oklahoma State,93.86
SO,AAC,-1.02,15,0.47,"Jackson Bart, Cincinnati",Jackson Bart,Cincinnati,-0.55
SR,ACC,0.81,89,-1.77,"Brandon Allen, Florida State",Brandon Allen,Florida State,-0.96
FR,SEC,2.7,33,2.7,"Chase Johnson, Florida",Chase Johnson,Florida,5.4
SR,Big Ten,33.25,597,22.16,"Andrew Dakich, Ohio State",Andrew Dakich,Ohio State,55.41
SO,Big 12,41.17,864,48.8,"Lindy Waters, Oklahoma State",Lindy Waters,Oklahoma State,89.97
SO,SEC,-1.44,18,0.9,"Jonathan Holmes, Arkansas",Jonathan Holmes,Arkansas,-0.54
JR,Big 12,35.43,717,44.29,"Tavarius Shine, Oklahoma State",Tavarius Shine,Oklahoma State,79.72
,SEC,-0.69,15,-0.36,"Mak Krause, Florida",Mak Krause,Florida,-1.05
FR,ACC,46.58,1254,8.1,"Oshae Brissett, Syracuse",Oshae Brissett,Syracuse,54.68
SR,MVC,5.21,631,20.85,"Aundre Jackson, Loyola (IL)",Aundre Jackson,Loyola (IL),26.06
SR,Big Sky,47.02,813,7.12,"Fabijan Krslovic, Montana",Fabijan Krslovic,Montana,54.14
FR,ACC,-0.49,6,-1.28,"Will Miles, Florida State",Will Miles,Florida State,-1.77
SO,Pac-12,0.85,494,11.88,"Dylan Smith, Arizona",Dylan Smith,Arizona,12.73
JR,Big Ten,48.58,899,64.77,"Moritz Wagner, Michigan",Moritz Wagner,Michigan,113.35
JR,Big Sky,-6.2,1179,59.92,"Ahmaad Rorie, Montana",Ahmaad Rorie,Montana,53.72
FR,SEC,23.35,369,-18.81,"Galin Smith, Alabama",Galin Smith,Alabama,4.54
,Sun Belt,29.52,1151,23.62,"D'Marcus Simonds, Georgia State",D'Marcus Simonds,Georgia State,53.14
FR,Big 12,12.59,1094,232.85,"Trae Young, Oklahoma",Trae Young,Oklahoma,245.44
JR,OVC,-13.1,549,16.85,"Byron Hawkins, Murray State",Byron Hawkins,Murray State,3.75
SO,ACC,32.64,800,14.96,"Dewan Huell, Miami (FL)",Dewan Huell,Miami (FL),47.6
SO,MVC,6.1,410,10.84,"Bruno Skokna, Loyola (IL)",Bruno Skokna,Loyola (IL),16.94
FR,ACC,3.43,44,-5.5,"Wyatt Wilkes, Florida State",Wyatt Wilkes,Florida State,-2.07
SO,Big East,33.8,509,25.79,"Henry Baddley, Butler",Henry Baddley,Butler,59.59
,WAC,41.36,874,10.72,"Sidy N'Dir, New Mexico State",Sidy N'Dir,New Mexico State,52.08
FR,ACC,19.56,295,11.53,"Sam Waardenburg, Miami (FL)",Sam Waardenburg,Miami (FL),31.09
FR,AAC,-0.15,18,-3.87,"Sam Martin, Cincinnati",Sam Martin,Cincinnati,-4.02
SO,ACC,-0.1,7,-2.19,"Justin Lindner, Florida State",Justin Lindner,Florida State,-2.29
SO,Pac-12,20.59,576,30.89,"Alex Olesinski, UCLA",Alex Olesinski,UCLA,51.48
SR,Big Ten,12.27,661,39.04,"Kam Williams, Ohio State",Kam Williams,Ohio State,51.31
,Southland,14.04,152,-5.9,"Nathan Bain, Stephen F. Austin",Nathan Bain,Stephen F. Austin,8.14
SR,Big 12,14.68,924,48.93,"Jeffrey Carroll, Oklahoma State",Jeffrey Carroll,Oklahoma State,63.61
FR,ACC,18.69,349,11.84,"Sterling Manley, North Carolina",Sterling Manley,North Carolina,30.53
FR,ACC,-7.85,660,28.05,"Chris Lykes, Miami (FL)",Chris Lykes,Miami (FL),20.2
SO,OVC,6.06,508,-6.06,"Jalen Dupree, Murray State",Jalen Dupree,Murray State,0
FR,ACC,5.44,254,15.87,"Andrew Platek, North Carolina",Andrew Platek,North Carolina,21.31
FR,A-10,1.2,46,-1.95,"Bates Jones, Davidson",Bates Jones,Davidson,-0.75
SO,A-10,-0.66,14,-1.12,"Michael Brown, Davidson",Michael Brown,Davidson,-1.78
SR,Big Ten,12.13,145,-2.48,"Ben Carter, Michigan State",Ben Carter,Michigan State,9.65
SR,Southland,20.48,652,-13.25,"Ty Charles, Stephen F. Austin",Ty Charles,Stephen F. Austin,7.23
FR,OVC,-2.51,46,1.8,"Brion Whitley, Murray State",Brion Whitley,Murray State,-0.71
SR,Big 12,7.5,850,19.5,"Kendall Smith, Oklahoma State",Kendall Smith,Oklahoma State,27
SO,MVC,0.18,18,1.67,"Jake Baughman, Loyola (IL)",Jake Baughman,Loyola (IL),1.85
SR,Big East,20.39,1131,152.9,"Trevon Bluiett, Xavier",Trevon Bluiett,Xavier,173.29
JR,ACC,2.87,55,-2.77,"Shaun Kirk, North Carolina State",Shaun Kirk,North Carolina State,0.1
SR,WAC,28.71,585,20.5,"Johnathon Wilkins, New Mexico State",Johnathon Wilkins,New Mexico State,49.21
SR,MVC,0.34,29,-1.82,"Carson Shanks, Loyola (IL)",Carson Shanks,Loyola (IL),-1.48
SO,Big Ten,-0.74,54,-5.07,"Conner George, Michigan State",Conner George,Michigan State,-5.81
FR,MVC,-1.12,7,-1.1,"Dylan Boehm, Loyola (IL)",Dylan Boehm,Loyola (IL),-2.22
JR,SEC,2.52,478,0.84,"Avery Johnson, Alabama",Avery Johnson,Alabama,3.36
SR,CAA,-25.24,1182,73.77,"Joe Chealey, College of Charleston",Joe Chealey,College of Charleston,48.53
JR,Big Ten,77.96,1035,32.2,"Charles Matthews, Michigan",Charles Matthews,Michigan,110.16
,MVC,0.62,94,-4.97,"Adarius Avery, Loyola (IL)",Adarius Avery,Loyola (IL),-4.35
SR,Big 12,94.31,1118,119.86,"Kenrich Williams, Texas Christian",Kenrich Williams,Texas Christian,214.17
JR,MWC,100.92,1162,78.27,"Cody Martin, Nevada",Cody Martin,Nevada,179.19
JR,Big Ten,17.07,589,35.15,"Ryan Cline, Purdue",Ryan Cline,Purdue,52.22
JR,Sun Belt,14.27,1043,32.1,"Jeff Thomas, Georgia State",Jeff Thomas,Georgia State,46.37
SO,Big Ten,63.37,900,32.42,"Zavier Simpson, Michigan",Zavier Simpson,Michigan,95.79
FR,Pac-12,14.9,758,29.81,"Jaylen Hands, UCLA",Jaylen Hands,UCLA,44.71
SR,Big 12,93.02,630,31.41,"Khadeem Lattin, Oklahoma",Khadeem Lattin,Oklahoma,124.43
FR,SEC,6.26,135,-11.31,"Gabe Osabuohien, Arkansas",Gabe Osabuohien,Arkansas,-5.05
SO,Big 12,42.2,1047,88.07,"Malik Newman, Kansas",Malik Newman,Kansas,130.27
JR,Big Sky,24.09,859,19.57,"Jamar Akoh, Montana",Jamar Akoh,Montana,43.66
SO,SEC,-0.32,5,1.41,"Landon Fuller, Alabama",Landon Fuller,Alabama,1.09
JR,Big 12,17.35,905,74.62,"Christian James, Oklahoma",Christian James,Oklahoma,91.97
SR,Sun Belt,61.12,851,-18.92,"Jordan Session, Georgia State",Jordan Session,Georgia State,42.2
,ACC,27.78,817,-13.89,"Ja'Quan Newton, Miami (FL)",Ja'Quan Newton,Miami (FL),13.89
SR,Big 12,39.66,868,100.68,"Vladimir Brodziansky, Texas Christian",Vladimir Brodziansky,Texas Christian,140.34
SR,Southland,27.56,785,-23.2,"Leon Gilmore, Stephen F. Austin",Leon Gilmore,Stephen F. Austin,4.36
SO,ACC,13.93,289,7.22,"Brandon Robinson, North Carolina",Brandon Robinson,North Carolina,21.15
,Southland,0.04,4,-0.37,"Cameron Mack, Stephen F. Austin",Cameron Mack,Stephen F. Austin,-0.33
,ACC,-0.89,11,-2.93,"Spencer Newman, North Carolina State",Spencer Newman,North Carolina State,-3.82
SO,A-10,-0.44,16,-1.7,"Cal Freundlich, Davidson",Cal Freundlich,Davidson,-2.14
FR,Big 12,5.68,740,52.5,"Brady Manek, Oklahoma",Brady Manek,Oklahoma,58.18
FR,Big East,0.4,8,-0.52,"Andrew Fonts, Providence",Andrew Fonts,Providence,-0.12
FR,Pac-12,14.16,709,25.74,"Romello White, Arizona State",Romello White,Arizona State,39.9
FR,OVC,-2.44,26,-0.98,"Zach Hopewell, Murray State",Zach Hopewell,Murray State,-3.42
,Big 12,42.05,361,-15.29,"Yankuba Sima, Oklahoma State",Yankuba Sima,Oklahoma State,26.76
FR,ACC,3.42,213,-0.76,"Jalek Felton, North Carolina",Jalek Felton,North Carolina,2.66
JR,Big 12,50.8,1115,68.39,"Lagerald Vick, Kansas",Lagerald Vick,Kansas,119.19
JR,MWC,13.54,1091,121.83,"Caleb Martin, Nevada",Caleb Martin,Nevada,135.37
FR,OVC,-0.99,29,-3.81,"Devin Gilmore, Murray State",Devin Gilmore,Murray State,-4.8
SR,ACC,0.83,29,0.98,"Aaron Rohlman, North Carolina",Aaron Rohlman,North Carolina,1.81
SO,A-10,-2.46,26,0.21,"Malcolm Wynter, Davidson",Malcolm Wynter,Davidson,-2.25
SR,MWC,-17.88,917,105.65,"Kendall Stephens, Nevada",Kendall Stephens,Nevada,87.77
SO,A-10,-0.12,75,-6.97,"Dusan Kovacevic, Davidson",Dusan Kovacevic,Davidson,-7.09
FR,Big East,48.13,787,-24.76,"Aaron Thompson, Butler",Aaron Thompson,Butler,23.37
JR,WAC,44.43,507,-8,"Johnny McCants, New Mexico State",Johnny McCants,New Mexico State,36.43
FR,Big 12,52.92,671,28.22,"Marcus Garrett, Kansas",Marcus Garrett,Kansas,81.14
JR,MAAC,-3.97,1110,39.74,"Rickey McGill, Iona",Rickey McGill,Iona,35.77
JR,Big West,-23.13,1018,58.71,"Kyle Allman, Cal State Fullerton",Kyle Allman,Cal State Fullerton,35.58
SO,Big Ten,52.32,450,9.58,"Jon Teske, Michigan",Jon Teske,Michigan,61.9
SO,Big 12,27.22,968,103.78,"Desmond Bane, Texas Christian",Desmond Bane,Texas Christian,131
FR,Big East,-0.03,10,-0.7,"Dajour Dickens, Providence",Dajour Dickens,Providence,-0.73
SO,Big 12,62.18,486,11.07,"Mitch Lightfoot, Kansas",Mitch Lightfoot,Kansas,73.25
JR,MWC,40.56,789,43.35,"Lindsey Drew, Nevada",Lindsey Drew,Nevada,83.91
JR,MWC,0,1170,66.36,"Jordan Caroline, Nevada",Jordan Caroline,Nevada,66.36
FR,Big Ten,33.02,517,15.24,"Isaiah Livers, Michigan",Isaiah Livers,Michigan,48.26
SR,MWC,8.42,679,38.51,"Hallice Cooke, Nevada",Hallice Cooke,Nevada,46.93
FR,A-10,-1.58,162,-7.39,"Carter Collins, Davidson",Carter Collins,Davidson,-8.97
SO,Southland,23.09,781,-24.53,"Aaron Augustin, Stephen F. Austin",Aaron Augustin,Stephen F. Austin,-1.44
,Big 12,-1.37,112,9.62,"Silvio De Sousa, Kansas",Silvio De Sousa,Kansas,8.25
FR,Pac-12,7.5,312,1.61,"Emmanuel Akot, Arizona",Emmanuel Akot,Arizona,9.11
SO,MWC,21.85,725,15.42,"Josh Hall, Nevada",Josh Hall,Nevada,37.27
FR,ACC,3.13,27,-1.78,"Walker Miller, North Carolina",Walker Miller,North Carolina,1.35
,CUSA,2.34,613,-10.54,"Rondale Watson, Marshall",Rondale Watson,Marshall,-8.2
FR,Southland,0.56,61,-3.94,"Stefon Fisher, Stephen F. Austin",Stefon Fisher,Stephen F. Austin,-3.38
,Big 12,23.49,242,-6.83,"Lucas N'Guessan, Oklahoma State",Lucas N'Guessan,Oklahoma State,16.66
SR,CUSA,-6.26,78,-4.02,"Ot Elmore, Marshall",Ot Elmore,Marshall,-10.28
SO,ACC,5.25,27,-4.43,"Shea Rush, North Carolina",Shea Rush,North Carolina,0.82
SR,MAAC,-1.61,897,33.72,"Deyshonee Much, Iona",Deyshonee Much,Iona,32.11
FR,Big East,4.79,137,-2.63,"Christian David, Butler",Christian David,Butler,2.16
FR,Big Ten,34.04,434,2.96,"Nojel Eastern, Purdue",Nojel Eastern,Purdue,37
SR,MVC,-1.56,11,-3.27,"Nick DiNardi, Loyola (IL)",Nick DiNardi,Loyola (IL),-4.83
JR,SWAC,36.57,776,-5.63,"Trayvon Reed, Texas Southern",Trayvon Reed,Texas Southern,30.94
,SEC,-0.08,4,-0.83,"Tyler Barnes, Alabama",Tyler Barnes,Alabama,-0.91
JR,SEC,-4.12,51,-5.83,"Lawson Schaffer, Alabama",Lawson Schaffer,Alabama,-9.95
,ACC,-0.26,11,-0.18,"Kane Ma, North Carolina",Kane Ma,North Carolina,-0.44
FR,Pac-12,-0.35,202,5.2,"Alex Barcello, Arizona",Alex Barcello,Arizona,4.85
SR,Big East,58.16,949,99.21,"J.P. Macura, Xavier",J.P. Macura,Xavier,157.37
SO,Southland,2.41,435,-29.74,"Samuli Nieminen, Stephen F. Austin",Samuli Nieminen,Stephen F. Austin,-27.33
JR,Big East,26.23,766,75.94,"Kaiser Gates, Xavier",Kaiser Gates,Xavier,102.17
JR,WAC,10.52,400,18.93,"Keyon Jones, New Mexico State",Keyon Jones,New Mexico State,29.45
FR,Big East,39.8,736,49.09,"Naji Marshall, Xavier",Naji Marshall,Xavier,88.89
SO,Ivy,9.11,1035,20.04,"Ryan Betley, Pennsylvania",Ryan Betley,Pennsylvania,29.15
FR,ACC,3.6,96,-6.34,"Brandon Huffman, North Carolina",Brandon Huffman,North Carolina,-2.74
FR,Big 12,-3.7,701,75.15,"Kouat Noi, Texas Christian",Kouat Noi,Texas Christian,71.45
,SEC,-0.73,13,-0.53,"Andrew Fava, Florida",Andrew Fava,Florida,-1.26
,CAA,10.89,737,16.95,"Jarrell Brantley, College of Charleston",Jarrell Brantley,College of Charleston,27.84
JR,MEAC,11.65,847,16.03,"Pablo Rivas, North Carolina Central",Pablo Rivas,North Carolina Central,27.68
FR,Big 12,130.25,875,33.66,"Mohamed Bamba, Texas",Mohamed Bamba,Texas,163.91
SO,Big East,3.24,109,-3.24,"Joey Brunk, Butler",Joey Brunk,Butler,0
SO,Pac-12,5.24,733,22.27,"Prince Ali, UCLA",Prince Ali,UCLA,27.51
SO,Big Ten,21.53,580,5.87,"Andre Wesson, Ohio State",Andre Wesson,Ohio State,27.4
SR,Ivy,32.21,915,-4.83,"Darnell Foreman, Pennsylvania",Darnell Foreman,Pennsylvania,27.38
JR,CUSA,-47.57,1186,36.24,"C.J. Burks, Marshall",C.J. Burks,Marshall,-11.33
SO,Big Ten,12.85,282,14.28,"Micah Potter, Ohio State",Micah Potter,Ohio State,27.13
SO,ACC,5.89,132,-8.95,"Seventh Woods, North Carolina",Seventh Woods,North Carolina,-3.06
SO,Big 12,-9.08,343,19.98,"Thomas Dziagwa, Oklahoma State",Thomas Dziagwa,Oklahoma State,10.9
JR,Big 12,-2.74,33,0.76,"Davon Dillard, Oklahoma State",Davon Dillard,Oklahoma State,-1.98
,ACC,-0.28,11,-0.8,"Josh Heath, Miami (FL)",Josh Heath,Miami (FL),-1.08
JR,Big 12,82.33,1075,119.92,"Dean Wade, Kansas State",Dean Wade,Kansas State,202.25
FR,Big Ten,13.89,424,20.13,"Jordan Poole, Michigan",Jordan Poole,Michigan,34.02
FR,MVC,0.23,70,-9.95,"Christian Negron, Loyola (IL)",Christian Negron,Loyola (IL),-9.72
JR,Big 12,63.43,1025,48,"Kerwin Roach Jr., Texas",Kerwin Roach Jr.,Texas,111.43
,MWC,0.62,5,0.79,"Justin Brent, Nevada",Justin Brent,Nevada,1.41
JR,MAAC,-32.63,868,57.49,"Schadrac Casimir, Iona",Schadrac Casimir,Iona,24.86
SO,Big 12,5.94,673,-10.69,"Brandon Averette, Oklahoma State",Brandon Averette,Oklahoma State,-4.75
SO,OVC,-3.52,86,-9.09,"Jachai Taylor, Murray State",Jachai Taylor,Murray State,-12.61
,Big 12,0.75,71,-0.25,"Sam Cunliffe, Kansas",Sam Cunliffe,Kansas,0.5
,Big East,35.62,494,41.85,"Sean O'Mara, Xavier",Sean O'Mara,Xavier,77.47
FR,Big 12,-2.74,50,-2.38,"Zack Dawson, Oklahoma State",Zack Dawson,Oklahoma State,-5.12
JR,Patriot,16.9,490,7.11,"Nate Sestina, Bucknell",Nate Sestina,Bucknell,24.01
JR,Big 12,56.22,543,-3.12,"Jamuni McNeace, Oklahoma",Jamuni McNeace,Oklahoma,53.1
,Big 12,-0.79,7,0.92,"James Sosinski, Kansas",James Sosinski,Kansas,0.13
FR,Big Ten,23.7,453,0,"Musa Jallow, Ohio State",Musa Jallow,Ohio State,23.7
FR,Big East,-0.54,22,0.5,"Campbell Donovan, Butler",Campbell Donovan,Butler,-0.04
SR,Big East,2.22,19,-3.57,"Tom Planek, Providence",Tom Planek,Providence,-1.35
SO,Big 12,-0.7,22,-4.54,"Trey Reeves, Oklahoma State",Trey Reeves,Oklahoma State,-5.24
FR,Big East,18.37,406,-28.96,"Makai Ashton-Langford, Providence",Makai Ashton-Langford,Providence,-10.59
FR,Pac-12,2.42,352,-1.81,"Brandon Randolph, Arizona",Brandon Randolph,Arizona,0.61
FR,MWC,55.33,787,48.41,"Jalen McDaniels, San Diego State",Jalen McDaniels,San Diego State,103.74
SR,Ivy,-19.63,587,41.32,"Caleb Wood, Pennsylvania",Caleb Wood,Pennsylvania,21.69
SR,ACC,155.87,912,30.35,"Isaiah Wilkins, Virginia",Isaiah Wilkins,Virginia,186.22
SO,Southern,121.58,910,-42.55,"James Dickey, North Carolina-Greensboro",James Dickey,North Carolina-Greensboro,79.03
JR,Southland,-4.67,133,-25.8,"Jovan Grujic, Stephen F. Austin",Jovan Grujic,Stephen F. Austin,-30.47
SR,ACC,78.78,1063,106.11,"Devon Hall, Virginia",Devon Hall,Virginia,184.89
JR,WAC,15.75,599,5.25,"Eli Chuha, New Mexico State",Eli Chuha,New Mexico State,21
SR,MAAC,4.49,836,16.46,"Zach Lewis, Iona",Zach Lewis,Iona,20.95
JR,Pac-12,-0.35,6,0.73,"Tyler Trillo, Arizona",Tyler Trillo,Arizona,0.38
SO,Big 12,56.26,1024,57.97,"Xavier Sneed, Kansas State",Xavier Sneed,Kansas State,114.23
JR,ACC,-1.14,12,-0.35,"Mike Robinson, Miami (FL)",Mike Robinson,Miami (FL),-1.49
FR,SEC,-1.57,307,-11.52,"Deaundrae Ballard, Florida",Deaundrae Ballard,Florida,-13.09
,A-10,3.35,969,115.67,"Jaylen Adams, St. Bonaventure",Jaylen Adams,St. Bonaventure,119.02
SO,ACC,77.68,1007,74.63,"Ty Jerome, Virginia",Ty Jerome,Virginia,152.31
SO,MVC,8.6,347,-30.39,"Cameron Satterwhite, Loyola (IL)",Cameron Satterwhite,Loyola (IL),-21.79
SO,ACC,27.84,556,-8.08,"Matthew Moyer, Syracuse",Matthew Moyer,Syracuse,19.76
JR,Big 12,2.39,622,21.47,"Rashard Odomes, Oklahoma",Rashard Odomes,Oklahoma,23.86
SR,CAA,7.16,1090,10.74,"Cameron Johnson, College of Charleston",Cameron Johnson,College of Charleston,17.9
,Pac-12,0.03,1,-0.02,"Matt Weyand, Arizona",Matt Weyand,Arizona,0.01
JR,Big 12,35.81,1132,60.31,"Barry Brown, Kansas State",Barry Brown,Kansas State,96.12
FR,Big South,3.23,1023,14.52,"Carlik Jones, Radford",Carlik Jones,Radford,17.75
FR,Big East,-1.81,61,-4.37,"Jerald Gillens-Butler, Butler",Jerald Gillens-Butler,Butler,-6.18
SO,CUSA,-3.09,45,-9.02,"Christian Thieneman, Marshall",Christian Thieneman,Marshall,-12.11
SO,Big 12,0.47,245,2.82,"Matt Freeman, Oklahoma",Matt Freeman,Oklahoma,3.29
SR,Big 12,93.01,1176,165.35,"Jevon Carter, West Virginia",Jevon Carter,West Virginia,258.36
SR,MWC,59.64,808,19.88,"Malik Pope, San Diego State",Malik Pope,San Diego State,79.52
SO,ACC,-2.56,52,-5.57,"Rodney Miller, Miami (FL)",Rodney Miller,Miami (FL),-8.13
SO,Big 12,139.27,843,4.44,"Sagaba Konate, West Virginia",Sagaba Konate,West Virginia,143.71
SO,ACC,40.16,1062,57.83,"Kyle Guy, Virginia",Kyle Guy,Virginia,97.99
JR,Big 12,24.75,640,22.5,"JD Miller, Texas Christian",JD Miller,Texas Christian,47.25
JR,Summit,64.55,917,44.69,"Tevin King, South Dakota State",Tevin King,South Dakota State,109.24
SO,Big East,33.6,981,40.67,"Quentin Goodin, Xavier",Quentin Goodin,Xavier,74.27
FR,Big 12,-1.45,23,-0.24,"Chris Teahan, Kansas",Chris Teahan,Kansas,-1.69
SR,Big South,31.87,777,-15.93,"Randy Phillips, Radford",Randy Phillips,Radford,15.94
SO,Big 12,42.42,637,8.48,"Makol Mawien, Kansas State",Makol Mawien,Kansas State,50.9
SO,Big East,29.88,448,24.23,"Tyrique Jones, Xavier",Tyrique Jones,Xavier,54.11
SO,WAC,20.14,884,-4.65,"A.J. Harris, New Mexico State",A.J. Harris,New Mexico State,15.49
SR,MAAC,-10.54,327,25.75,"Jan Svandrlik, Iona",Jan Svandrlik,Iona,15.21
JR,Big Ten,12.89,270,14.73,"Grady Eifert, Purdue",Grady Eifert,Purdue,27.62
FR,Big Ten,20.01,298,-4.88,"Eli Brooks, Michigan",Eli Brooks,Michigan,15.13
FR,Southern,35.16,554,21.28,"Isaiah Miller, North Carolina-Greensboro",Isaiah Miller,North Carolina-Greensboro,56.44
,Big 12,16.63,347,-14.64,"Kristian Doolittle, Oklahoma",Kristian Doolittle,Oklahoma,1.99
SR,Big 12,13.3,946,118.04,"Daxter Miles, West Virginia",Daxter Miles,West Virginia,131.34
SO,Pac-12,0.4,7,-0.81,"Jake Desjardins, Arizona",Jake Desjardins,Arizona,-0.41
JR,SEC,93.09,649,39.43,"Kyle Alexander, Tennessee",Kyle Alexander,Tennessee,132.52
FR,ACC,29.85,330,-15.99,"Bourama Sidibe, Syracuse",Bourama Sidibe,Syracuse,13.86
SO,Big Ten,4.43,123,9.26,"Ibi Watson, Michigan",Ibi Watson,Michigan,13.69
SO,Big 12,-12.26,465,53.94,"Jaylen Fisher, Texas Christian",Jaylen Fisher,Texas Christian,41.68
FR,Big 12,16.8,776,15.5,"Cartier Diarra, Kansas State",Cartier Diarra,Kansas State,32.3
JR,Big Ten,9.3,88,-5.1,"Jacquil Taylor, Purdue",Jacquil Taylor,Purdue,4.2
SR,Pac-12,-0.11,6,-0.85,"Talbott Denny, Arizona",Talbott Denny,Arizona,-0.96
SO,Big Ten,0.51,33,-3.6,"Tommy Luce, Purdue",Tommy Luce,Purdue,-3.09
FR,Pac-12,14.44,346,-2.51,"Vitaliy Shibel, Arizona State",Vitaliy Shibel,Arizona State,11.93
SR,Big West,15.19,483,-3.38,"Arkim Robertson, Cal State Fullerton",Arkim Robertson,Cal State Fullerton,11.81
SR,A-10,-2.08,1203,99.9,"Matt Mobley, St. Bonaventure",Matt Mobley,St. Bonaventure,97.82
SO,SEC,59.6,883,64.07,"Jordan Bowden, Tennessee",Jordan Bowden,Tennessee,123.67
JR,SEC,54.25,893,58.77,"Admiral Schofield, Tennessee",Admiral Schofield,Tennessee,113.02
SO,SEC,75.49,913,33.9,"Grant Williams, Tennessee",Grant Williams,Tennessee,109.39
SO,SEC,28.07,792,72.17,"Lamonte Turner, Tennessee",Lamonte Turner,Tennessee,100.24
,MWC,0.4,4,0.28,"David Cunningham, Nevada",David Cunningham,Nevada,0.68
SR,Big East,-1.91,531,53.6,"Kerem Kanter, Xavier",Kerem Kanter,Xavier,51.69
JR,Big Ten,-1.98,27,-2.35,"Eden Ewing, Purdue",Eden Ewing,Purdue,-4.33
JR,ACC,54.52,1119,97.76,"Marcquise Reed, Clemson",Marcquise Reed,Clemson,152.28
SR,Summit,16.99,1046,60.42,"Reed Tellinghuisen, South Dakota State",Reed Tellinghuisen,South Dakota State,77.41
JR,A-Sun,41.77,775,-31.33,"Eli Pepper, Lipscomb",Eli Pepper,Lipscomb,10.44
JR,Big East,87.58,1109,171.27,"Mikal Bridges, Villanova",Mikal Bridges,Villanova,258.85
SO,Big 12,0.11,8,-0.78,"Marshall Thorpe, Oklahoma",Marshall Thorpe,Oklahoma,-0.67
SO,Big 12,6.56,342,-9.18,"Jordan Shepherd, Oklahoma",Jordan Shepherd,Oklahoma,-2.62
,Sun Belt,-37.09,943,46.76,"Devin Mitchell, Georgia State",Devin Mitchell,Georgia State,9.67
JR,Big 12,16.77,954,11.74,"Alex Robinson, Texas Christian",Alex Robinson,Texas Christian,28.51
FR,Big East,26.6,527,3.8,"Paul Scruggs, Xavier",Paul Scruggs,Xavier,30.4
SR,SEC,18.76,654,34.21,"James Daniel, Tennessee",James Daniel,Tennessee,52.97
FR,SEC,70.97,1096,93.98,"Shai Gilgeous-Alexander, Kentucky",Shai Gilgeous-Alexander,Kentucky,164.95
FR,Big 12,-0.69,15,-2.36,"Chris Giles, Oklahoma",Chris Giles,Oklahoma,-3.05
FR,SEC,95.8,780,52.49,"Jontay Porter, Missouri",Jontay Porter,Missouri,148.29
SO,Patriot,3.77,346,5.02,"Avi Toomer, Bucknell",Avi Toomer,Bucknell,8.79
JR,Ivy,43.98,714,-35.19,"Max Rothschild, Pennsylvania",Max Rothschild,Pennsylvania,8.79
,ACC,47.7,657,47.7,"De'Andre Hunter, Virginia",De'Andre Hunter,Virginia,95.4
FR,Big Ten,9.11,216,-0.73,"Kyle Young, Ohio State",Kyle Young,Ohio State,8.38
SO,Big 12,15.58,591,76.86,"James Bolden, West Virginia",James Bolden,West Virginia,92.44
SR,Big 12,0.25,70,-1.96,"Clay Young, Kansas",Clay Young,Kansas,-1.71
JR,Big East,9.51,1084,169.32,"Jalen Brunson, Villanova",Jalen Brunson,Villanova,178.83
,Pac-12,9.79,186,-1.69,"Kimani Lawrence, Arizona State",Kimani Lawrence,Arizona State,8.1
SO,SEC,67.43,741,41.5,"Wenyen Gabriel, Kentucky",Wenyen Gabriel,Kentucky,108.93
JR,Big 12,-0.86,10,-2.21,"Patrick Geha, Oklahoma",Patrick Geha,Oklahoma,-3.07
SR,A-10,88.85,826,32.96,"Stanford Robinson, Rhode Island",Stanford Robinson,Rhode Island,121.81
SR,Horizon,4.14,1183,47.62,"Grant Benzinger, Wright State",Grant Benzinger,Wright State,51.76
SR,A-10,66.43,893,0,"Idris Taqqee, St. Bonaventure",Idris Taqqee,St. Bonaventure,66.43
JR,A-10,43.21,892,12.35,"Courtney Stockard, St. Bonaventure",Courtney Stockard,St. Bonaventure,55.56
SR,Ivy,6.53,103,0.73,"Matt MacDonald, Pennsylvania",Matt MacDonald,Pennsylvania,7.26
JR,Big East,73.67,954,82.04,"Eric Paschall, Villanova",Eric Paschall,Villanova,155.71
SO,CUSA,-11.6,135,-7.74,"Phil Bledsoe, Marshall",Phil Bledsoe,Marshall,-19.34
JR,ACC,68.04,652,8.88,"Jack Salt, Virginia",Jack Salt,Virginia,76.92
JR,Big 12,7.81,670,21.2,"Kamau Stokes, Kansas State",Kamau Stokes,Kansas State,29.01
SR,Big East,23.33,875,91.76,"Desi Rodriguez, Seton Hall",Desi Rodriguez,Seton Hall,115.09
FR,MWC,43.58,855,34.56,"Matt Mitchell, San Diego State",Matt Mitchell,San Diego State,78.14
SR,SEC,38.55,1091,95.45,"Jordan Barnett, Missouri",Jordan Barnett,Missouri,134
SO,Big East,51.2,1006,104.17,"Donte DiVincenzo, Villanova",Donte DiVincenzo,Villanova,155.37
SR,MWC,37.35,759,28.01,"Trey Kell, San Diego State",Trey Kell,San Diego State,65.36
SO,Patriot,11.82,651,-5.91,"Bruce Moore, Bucknell",Bruce Moore,Bucknell,5.91
SO,Big 12,-1.34,763,50.96,"Lamont West, West Virginia",Lamont West,West Virginia,49.62
JR,Southern,-14.94,994,69.72,"Francis Alonso, North Carolina-Greensboro",Francis Alonso,North Carolina-Greensboro,54.78
SR,SEC,11.6,1149,102.46,"Kassius Robertson, Missouri",Kassius Robertson,Missouri,114.06
FR,Southern,26.96,351,-2.93,"Kylia Sykes, North Carolina-Greensboro",Kylia Sykes,North Carolina-Greensboro,24.03
JR,A-10,62.75,930,-8.04,"LaDarien Griffin, St. Bonaventure",LaDarien Griffin,St. Bonaventure,54.71
SO,A-Sun,33.14,906,-27.9,"Michael Buckland, Lipscomb",Michael Buckland,Lipscomb,5.24
FR,Big East,75.74,959,65.64,"Omari Spellman, Villanova",Omari Spellman,Villanova,141.38
JR,MAC,19.21,1152,123.78,"C.J. Massinburg, Buffalo",C.J. Massinburg,Buffalo,142.99
JR,Big East,28.26,732,66.8,"Phil Booth, Villanova",Phil Booth,Villanova,95.06
JR,MWC,14.07,1001,45.74,"Devin Watson, San Diego State",Devin Watson,San Diego State,59.81
FR,Big East,11.67,391,35,"Collin Gillespie, Villanova",Collin Gillespie,Villanova,46.67
SR,ACC,53.59,1100,64.68,"Gabe DeVoe, Clemson",Gabe DeVoe,Clemson,118.27
FR,Big East,17.24,393,14.48,"Dhamir Cosby-Roundtree, Villanova",Dhamir Cosby-Roundtree,Villanova,31.72
JR,Big 12,4.52,131,-8.54,"Ty Lazenby, Oklahoma",Ty Lazenby,Oklahoma,-4.02
SR,Big East,0.86,14,-0.02,"Matt Kennedy, Villanova",Matt Kennedy,Villanova,0.84
SO,ACC,39.95,508,1.54,"Mamadi Diakite, Virginia",Mamadi Diakite,Virginia,41.49
JR,Big 12,48.21,1153,27,"Dylan Osetkowski, Texas",Dylan Osetkowski,Texas,75.21
SO,Big 12,28.66,709,11.21,"Wesley Harris, West Virginia",Wesley Harris,West Virginia,39.87
JR,SEC,33.31,825,43.03,"Jordan Geist, Missouri",Jordan Geist,Missouri,76.34
SR,Southern,1.52,908,19.71,"Marvin Smith, North Carolina-Greensboro",Marvin Smith,North Carolina-Greensboro,21.23
JR,MAC,27.12,1126,102.21,"Jeremy Harris, Buffalo",Jeremy Harris,Buffalo,129.33
JR,ACC,56.9,814,61.17,"Kerry Blackshear Jr., Virginia Tech",Kerry Blackshear Jr.,Virginia Tech,118.07
SR,A-10,24.99,1029,94.62,"Jared Terrell, Rhode Island",Jared Terrell,Rhode Island,119.61
JR,Big Ten,0.98,15,2.21,"Brent Hibbitts, Michigan",Brent Hibbitts,Michigan,3.19
,Ivy,1.08,13,1.92,"Ray Jerome, Pennsylvania",Ray Jerome,Pennsylvania,3
SR,Southern,27.08,901,-12.04,"Jordy Kuiper, North Carolina-Greensboro",Jordy Kuiper,North Carolina-Greensboro,15.04
SR,Big East,78.87,986,35.05,"Angel Delgado, Seton Hall",Angel Delgado,Seton Hall,113.92
JR,Horizon,31.86,1071,18.74,"Mark Hughes, Wright State",Mark Hughes,Wright State,50.6
SR,ACC,46.75,605,62,"Donte Grantham, Clemson",Donte Grantham,Clemson,108.75
JR,CAA,6.7,816,-4.02,"Marquise Pointer, College of Charleston",Marquise Pointer,College of Charleston,2.68
,Big 12,21.53,490,16.36,"Esa Ahmad, West Virginia",Esa Ahmad,West Virginia,37.89
FR,Big West,-0.77,49,3.43,"Landon Kirkwood, Cal State Fullerton",Landon Kirkwood,Cal State Fullerton,2.66
SR,ACC,33.21,488,0,"Nigel Johnson, Virginia",Nigel Johnson,Virginia,33.21
SR,MWC,7.34,207,-6.97,"Elijah Foster, Nevada",Elijah Foster,Nevada,0.37
FR,ACC,20.65,105,6.35,"Jay Huff, Virginia",Jay Huff,Virginia,27
FR,SEC,67.57,898,40.86,"PJ Washington, Kentucky",PJ Washington,Kentucky,108.43
FR,ACC,7.01,103,-3.12,"Marco Anthony, Virginia",Marco Anthony,Virginia,3.89
SR,MWC,30.58,300,4.75,"Kameron Rooks, San Diego State",Kameron Rooks,San Diego State,35.33
JR,Big East,0.02,13,-0.41,"Peyton Heck, Villanova",Peyton Heck,Villanova,-0.39
JR,Ivy,0.92,21,1.11,"Collin McManus, Pennsylvania",Collin McManus,Pennsylvania,2.03
SO,A-10,38.67,1013,52.73,"Jeff Dowtin, Rhode Island",Jeff Dowtin,Rhode Island,91.4
,Horizon,19.48,742,1.3,"Cole Gentry, Wright State",Cole Gentry,Wright State,20.78
SO,SEC,22.33,735,19.85,"Jordan Bone, Tennessee",Jordan Bone,Tennessee,42.18
JR,ACC,2.12,27,0.37,"Trevon Gross Jr., Virginia",Trevon Gross Jr.,Virginia,2.49
,MAC,-1.31,708,55.09,"Wes Clark, Buffalo",Wes Clark,Buffalo,53.78
SO,Big East,1.89,43,-2.34,"Tim Delaney, Villanova",Tim Delaney,Villanova,-0.45
FR,ACC,5.92,111,-4.3,"Howard Washington, Syracuse",Howard Washington,Syracuse,1.62
JR,ACC,0.39,2,1.2,"Shaun Belbey, Syracuse",Shaun Belbey,Syracuse,1.59
FR,Big 12,42.81,1113,27.92,"Matt Coleman, Texas",Matt Coleman,Texas,70.73
SO,SEC,114.24,695,28.25,"Robert Williams, Texas A&M",Robert Williams,Texas A&M,142.49
JR,Big 12,23.18,435,2.9,"Amaad Wainright, Kansas State",Amaad Wainright,Kansas State,26.08
JR,Horizon,17.86,176,-6.16,"Tye Wilburn, Wright State",Tye Wilburn,Wright State,11.7
FR,Ivy,5.69,147,-4.4,"Jarrod Simmons, Pennsylvania",Jarrod Simmons,Pennsylvania,1.29
SR,Pac-12,-2.06,24,3.3,"Alec Wulff, UCLA",Alec Wulff,UCLA,1.24
SO,Big East,1.81,1017,112.08,"Myles Powell, Seton Hall",Myles Powell,Seton Hall,113.89
,Ivy,1.93,157,-0.83,"Jake Silpe, Pennsylvania",Jake Silpe,Pennsylvania,1.1
JR,ACC,13.84,990,88.23,"Justin Robinson, Virginia Tech",Justin Robinson,Virginia Tech,102.07
JR,CUSA,-5.74,231,-14.56,"Dani Koljanin, Marshall",Dani Koljanin,Marshall,-20.3
FR,Big East,6.02,143,-7.53,"Jermaine Samuels, Villanova",Jermaine Samuels,Villanova,-1.51
FR,Big 12,-1.41,49,-2.91,"Hannes Polla, Oklahoma",Hannes Polla,Oklahoma,-4.32
FR,Big South,-0.88,15,1.73,"Anias Saunders, Radford",Anias Saunders,Radford,0.85
JR,ACC,66.52,793,29.1,"Chris Clarke, Virginia Tech",Chris Clarke,Virginia Tech,95.62
FR,SEC,29.76,1063,72.55,"Kevin Knox, Kentucky",Kevin Knox,Kentucky,102.31
JR,SEC,65.26,923,70.15,"Tyler Davis, Texas A&M",Tyler Davis,Texas A&M,135.41
JR,ACC,108.69,789,-2.65,"Elijah Thomas, Clemson",Elijah Thomas,Clemson,106.04
JR,SEC,60.25,897,63.42,"DJ Hogg, Texas A&M",DJ Hogg,Texas A&M,123.67
FR,WAC,-3.29,134,3.99,"Gabe Hadley, New Mexico State",Gabe Hadley,New Mexico State,0.7
JR,Big 12,15.92,680,22.75,"Eric Davis Jr., Texas",Eric Davis Jr.,Texas,38.67
,MWC,0.08,4,-0.21,"Elijah Cooks, Nevada",Elijah Cooks,Nevada,-0.13
SR,CUSA,5.38,313,-34.67,"Milan Mijovic, Marshall",Milan Mijovic,Marshall,-29.29
JR,MAC,1.54,415,20.76,"Dontay Caruthers, Buffalo",Dontay Caruthers,Buffalo,22.3
JR,SEC,45.18,852,63.25,"Admon Gilder, Texas A&M",Admon Gilder,Texas A&M,108.43
SO,A-10,37.71,483,6.7,"Cyril Langevine, Rhode Island",Cyril Langevine,Rhode Island,44.41
JR,SEC,14.79,799,9.41,"Kevin Puryear, Missouri",Kevin Puryear,Missouri,24.2
SR,Big East,71.03,689,28.17,"Ismael Sanogo, Seton Hall",Ismael Sanogo,Seton Hall,99.2
FR,Big Ten,0.71,7,-0.25,"Naji Ozeir, Michigan",Naji Ozeir,Michigan,0.46
FR,MAC,24.2,568,-6.31,"Jayvon Graves, Buffalo",Jayvon Graves,Buffalo,17.89
SO,Big 12,3.78,226,30.24,"Andrew Jones, Texas",Andrew Jones,Texas,34.02
SR,A-10,17.85,643,22.31,"Jarvis Garrett, Rhode Island",Jarvis Garrett,Rhode Island,40.16
FR,A-10,11.14,70,9.32,"Tshiefu Ngalakulondi, St. Bonaventure",Tshiefu Ngalakulondi,St. Bonaventure,20.46
FR,Pac-12,-0.11,3,0.28,"Joseph Wallace, UCLA",Joseph Wallace,UCLA,0.17
SR,Big East,16.91,1057,67.64,"Khadeen Carrington, Seton Hall",Khadeen Carrington,Seton Hall,84.55
SR,Big East,0.19,4,-0.07,"Matt Singleton, Xavier",Matt Singleton,Xavier,0.12
FR,Big East,22.11,311,12.16,"Sandro Mamukelashvili, Seton Hall",Sandro Mamukelashvili,Seton Hall,34.27
SO,Big Ten,3.69,49,-3.61,"Austin Davis, Michigan",Austin Davis,Michigan,0.08
SR,Horizon,41.86,443,-30.23,"Justin Mitchell, Wright State",Justin Mitchell,Wright State,11.63
SO,Big 12,17.08,216,7.21,"Logan Routt, West Virginia",Logan Routt,West Virginia,24.29
FR,SEC,37.85,515,24.33,"Nick Richards, Kentucky",Nick Richards,Kentucky,62.18
,A-10,4.89,564,13.7,"Fatts Russell, Rhode Island",Fatts Russell,Rhode Island,18.59
SR,Big 12,10.59,159,-9.27,"Mawdo Sallah, Kansas State",Mawdo Sallah,Kansas State,1.32
SO,MAC,24.06,866,-16.04,"Davonta Jordan, Buffalo",Davonta Jordan,Buffalo,8.02
SR,Big East,0.13,18,-2.59,"Tom Leibig, Villanova",Tom Leibig,Villanova,-2.46
SO,MAAC,-32.33,860,32.33,"E.J. Crawford, Iona",E.J. Crawford,Iona,0
SO,Big 12,21.85,296,-4.68,"Maciej Bender, West Virginia",Maciej Bender,West Virginia,17.17
JR,CAA,36.19,816,-36.19,"Nick Harris, College of Charleston",Nick Harris,College of Charleston,0
SR,Summit,21.02,896,51.75,"Skyler Flatten, South Dakota State",Skyler Flatten,South Dakota State,72.77
,Big Sky,0,0,0,"Peter Jones, Montana",Peter Jones,Montana,0
,SWAC,0,0,0,"Devocio Butler, Texas Southern",Devocio Butler,Texas Southern,0
,MEAC,0,0,0,"Rashann London, North Carolina Central",Rashann London,North Carolina Central,0
SR,Big East,-0.87,16,-1.66,"Denny Grace, Villanova",Denny Grace,Villanova,-2.53
JR,WAC,0.05,1,-0.08,"Wayne Stewart, New Mexico State",Wayne Stewart,New Mexico State,-0.03
FR,Big 12,95.93,921,86.49,"Zhaire Smith, Texas Tech",Zhaire Smith,Texas Tech,182.42
JR,MAC,7.59,455,-4.21,"Montell McRae, Buffalo",Montell McRae,Buffalo,3.38
SR,Pac-12,-2.25,40,2.18,"Austin Witherill, Arizona State",Austin Witherill,Arizona State,-0.07
SO,Pac-12,-0.19,3,0.08,"Armani Dodson, UCLA",Armani Dodson,UCLA,-0.11
SR,SEC,55.61,715,15.17,"Tonny Trocha-Morelos, Texas A&M",Tonny Trocha-Morelos,Texas A&M,70.78
SO,Big 12,13.94,463,19.36,"Jacob Young, Texas",Jacob Young,Texas,33.3
,SWAC,0.05,3,-0.19,"Aaron Campbell, Texas Southern",Aaron Campbell,Texas Southern,-0.14
SO,SEC,24.31,258,-8.68,"Reed Nikko, Missouri",Reed Nikko,Missouri,15.63
SO,Big 12,-0.63,19,0.66,"Pierson McAtee, Kansas State",Pierson McAtee,Kansas State,0.03
JR,Big Ten,-0.32,11,0.06,"Matt Lehmann, Ohio State",Matt Lehmann,Ohio State,-0.26
FR,ACC,-0.4,19,0.11,"Austin Katstra, Virginia",Austin Katstra,Virginia,-0.29
SR,Big 12,36.52,930,117.51,"Keenan Evans, Texas Tech",Keenan Evans,Texas Tech,154.03
FR,ACC,41.15,812,36.89,"Nickeil Alexander-Walker, Virginia Tech",Nickeil Alexander-Walker,Virginia Tech,78.04
FR,MAC,3.08,83,-1.38,"Brock Bertram, Buffalo",Brock Bertram,Buffalo,1.7
SR,SEC,15.87,528,7.47,"Duane Wilson, Texas A&M",Duane Wilson,Texas A&M,23.34
SR,ACC,12,981,63.43,"Justin Bibbs, Virginia Tech",Justin Bibbs,Virginia Tech,75.43
FR,SEC,15.2,430,7.6,"Savion Flagg, Texas A&M",Savion Flagg,Texas A&M,22.8
FR,Big Sky,-0.33,31,-0.16,"Admir Besovic, Montana",Admir Besovic,Montana,-0.49
FR,Big 12,76.11,874,68.65,"Jarrett Culver, Texas Tech",Jarrett Culver,Texas Tech,144.76
SR,Big 12,69.58,668,18.25,"Justin Gray, Texas Tech",Justin Gray,Texas Tech,87.83
FR,MWC,-0.57,6,-1.25,"John Jones, Nevada",John Jones,Nevada,-1.82
SO,MWC,-2.98,15,-3.99,"Charlie Tooley, Nevada",Charlie Tooley,Nevada,-6.97
JR,SEC,13.39,442,-2.23,"Cullen VanLeer, Missouri",Cullen VanLeer,Missouri,11.16
FR,WAC,0.17,32,-0.84,"Kortrijk Miles, New Mexico State",Kortrijk Miles,New Mexico State,-0.67
SR,A-10,12.11,698,2.42,"E.C. Matthews, Rhode Island",E.C. Matthews,Rhode Island,14.53
FR,Big East,-0.55,3,-0.14,"Nick Vanderpohl, Xavier",Nick Vanderpohl,Xavier,-0.69
SO,Big 12,11.63,331,5.24,"Chase Harler, West Virginia",Chase Harler,West Virginia,16.87
FR,Big 12,-4.54,369,10.38,"Teddy Allen, West Virginia",Teddy Allen,West Virginia,5.84
,SEC,14.48,256,-5.88,"JJ Caldwell, Texas A&M",JJ Caldwell,Texas A&M,8.6
JR,ACC,-0.23,2,-0.5,"Adrian Autry, Syracuse",Adrian Autry,Syracuse,-0.73
FR,SEC,-4.08,777,54.39,"Quade Green, Kentucky",Quade Green,Kentucky,50.31
FR,SEC,30.59,627,-21.1,"Jeremiah Tilmon, Missouri",Jeremiah Tilmon,Missouri,9.49
SR,ACC,-0.46,4,-0.43,"Patrick Herlihy, Syracuse",Patrick Herlihy,Syracuse,-0.89
JR,ACC,0,820,67.35,"Ahmed Hill, Virginia Tech",Ahmed Hill,Virginia Tech,67.35
JR,MWC,2.17,412,23.89,"Max Montana, San Diego State",Max Montana,San Diego State,26.06
JR,Big 12,5.8,330,11.02,"Shawn Olden, Texas Christian",Shawn Olden,Texas Christian,16.82
,Big 12,2.67,95,0,"D'Angelo Hunter, West Virginia",D'Angelo Hunter,West Virginia,2.67
FR,SEC,12.14,195,-3.28,"Blake Harris, Missouri",Blake Harris,Missouri,8.86
SR,MAC,-1.1,17,1.04,"Gabe Agorioge, Buffalo",Gabe Agorioge,Buffalo,-0.06
,MAAC,-0.71,2,-0.25,"Nils Taylor, Iona",Nils Taylor,Iona,-0.96
SO,ACC,-0.72,2,-0.24,"Ray Featherston, Syracuse",Ray Featherston,Syracuse,-0.96
JR,Big Ten,-0.18,26,-0.79,"Joey Lane, Ohio State",Joey Lane,Ohio State,-0.97
,Big 12,5.35,67,-5.58,"James Love, Kansas State",James Love,Kansas State,-0.23
FR,A-10,0.66,382,6.61,"Izaiah Brockington, St. Bonaventure",Izaiah Brockington,St. Bonaventure,7.27
JR,ACC,20.1,997,43.55,"Shelton Mitchell, Clemson",Shelton Mitchell,Clemson,63.65
,Big Ten,-0.2,3,-0.81,"Rico Ozuna-Harrison, Michigan",Rico Ozuna-Harrison,Michigan,-1.01
SR,Southern,-3.07,230,8.83,"Garrett Collins, North Carolina-Greensboro",Garrett Collins,North Carolina-Greensboro,5.76
,Big 12,-0.19,2,-0.75,"Austin Sottile, Texas Christian",Austin Sottile,Texas Christian,-0.94
FR,Sun Belt,-1.07,19,0.03,"Matt Chism, Georgia State",Matt Chism,Georgia State,-1.04
FR,MWC,14.11,446,7.84,"Jordan Schakel, San Diego State",Jordan Schakel,San Diego State,21.95
JR,A-10,-4.47,323,11.73,"Nelson Kaputo, St. Bonaventure",Nelson Kaputo,St. Bonaventure,7.26
FR,SEC,30.84,247,-4.58,"John Fulkerson, Tennessee",John Fulkerson,Tennessee,26.26
SR,Big 12,-0.08,12,-0.95,"Clayton Crawford, Texas Christian",Clayton Crawford,Texas Christian,-1.03
SO,Big Sky,-0.13,24,-1.05,"Niko Bevens, Montana",Niko Bevens,Montana,-1.18
JR,ACC,-0.67,22,-0.57,"Justice Bartley, Virginia",Justice Bartley,Virginia,-1.24
FR,A-10,-1.08,11,1.31,"Jason Lee, St. Bonaventure",Jason Lee,St. Bonaventure,0.23
FR,Horizon,59.6,946,-48.01,"Loudon Love, Wright State",Loudon Love,Wright State,11.59
SR,Pac-12,0.05,29,-1.35,"Ikenna Okwarabizie, UCLA",Ikenna Okwarabizie,UCLA,-1.3
JR,SEC,4.38,118,-2.09,"Chris Collins, Texas A&M",Chris Collins,Texas A&M,2.29
JR,Big East,22.87,536,10.48,"Michael Nzei, Seton Hall",Michael Nzei,Seton Hall,33.35
JR,Big South,-39.3,453,37.87,"Caleb Tanner, Radford",Caleb Tanner,Radford,-1.43
JR,SEC,1.07,212,4.64,"Terrence Phillips, Missouri",Terrence Phillips,Missouri,5.71
JR,Big 12,54.63,516,2.64,"Norense Odiase, Texas Tech",Norense Odiase,Texas Tech,57.27
FR,SEC,18.7,277,-7.01,"Derrick Walker, Tennessee",Derrick Walker,Tennessee,11.69
FR,SEC,8.25,104,1.05,"Yves Pons, Tennessee",Yves Pons,Tennessee,9.3
FR,ACC,42.09,464,-3.12,"Aamir Simms, Clemson",Aamir Simms,Clemson,38.97
FR,Big Ten,-0.69,7,-0.8,"C.J. Baird, Michigan",C.J. Baird,Michigan,-1.49
SO,SEC,29.25,398,11.14,"Sacha Killeya-Jones, Kentucky",Sacha Killeya-Jones,Kentucky,40.39
SR,ACC,23.49,517,7.23,"Devin Wilson, Virginia Tech",Devin Wilson,Virginia Tech,30.72
SO,Southern,22.11,662,-16.58,"Kyrin Galloway, North Carolina-Greensboro",Kyrin Galloway,North Carolina-Greensboro,5.53
FR,Big East,19.37,545,4.84,"Myles Cale, Seton Hall",Myles Cale,Seton Hall,24.21
SO,Big 12,-19.64,569,8.73,"Kameron McGusty, Oklahoma",Kameron McGusty,Oklahoma,-10.91
SO,Big East,2.04,230,-0.82,"Eron Gordon, Seton Hall",Eron Gordon,Seton Hall,1.22
SO,MWC,4.36,248,12.64,"Nolan Narain, San Diego State",Nolan Narain,San Diego State,17
SO,Big 12,-0.34,202,-0.67,"Brian Patrick, Kansas State",Brian Patrick,Kansas State,-1.01
JR,SEC,-0.02,10,3.7,"Adam Wolf, Missouri",Adam Wolf,Missouri,3.68
FR,SEC,24.42,821,12.93,"Hamidou Diallo, Kentucky",Hamidou Diallo,Kentucky,37.35
SR,ACC,0,86,-1.81,"Geno Thorpe, Syracuse",Geno Thorpe,Syracuse,-1.81
FR,Big Ten,0,7,-1.81,"Luke Wilson, Michigan",Luke Wilson,Michigan,-1.81
FR,Big 12,35.82,612,-8.19,"Jericho Sims, Texas",Jericho Sims,Texas,27.63
JR,Southern,13.08,870,-10.17,"Demetrius Troy, North Carolina-Greensboro",Demetrius Troy,North Carolina-Greensboro,2.91
FR,Big 12,16.93,482,8.87,"Jase Febres, Texas",Jase Febres,Texas,25.8
JR,Big West,-0.27,38,-1.59,"Ian Fox, Cal State Fullerton",Ian Fox,Cal State Fullerton,-1.86
SR,ACC,17.17,393,19.15,"Mark Donnal, Clemson",Mark Donnal,Clemson,36.32
,CAA,-0.55,3,-1.36,"Jermaine Blackmon Jr., College of Charleston",Jermaine Blackmon Jr.,College of Charleston,-1.91
JR,ACC,-0.5,11,-1.42,"Braedon Bayer, Syracuse",Braedon Bayer,Syracuse,-1.92
SO,Pac-12,-1.02,3,-0.93,"Isaac Wulff, UCLA",Isaac Wulff,UCLA,-1.95
SO,Big 12,8.58,95,-4.77,"James Banks, Texas",James Banks,Texas,3.81
JR,Summit,-17.11,1053,72.23,"Mike Daum, South Dakota State",Mike Daum,South Dakota State,55.12
,MAC,-1.2,25,-0.79,"Dominic Johnson, Buffalo",Dominic Johnson,Buffalo,-1.99
,ACC,34.16,442,-10.4,"David Skara, Clemson",David Skara,Clemson,23.76
SR,SEC,0.31,37,-0.93,"Brett Rau, Missouri",Brett Rau,Missouri,-0.62
FR,Big West,-1.62,4,-0.47,"Jose Garcia Gonzalez, Cal State Fullerton",Jose Garcia Gonzalez,Cal State Fullerton,-2.09
,SEC,22.49,238,10.83,"Jarred Vanderbilt, Kentucky",Jarred Vanderbilt,Kentucky,33.32
JR,Big 12,0.18,11,-1.9,"Kade Kinnamon, Kansas State",Kade Kinnamon,Kansas State,-1.72
FR,ACC,2.18,108,2.18,"Anthony Oliver II, Clemson",Anthony Oliver II,Clemson,4.36
,SEC,0.48,1,0.23,"Cameron Alo, Texas A&M",Cameron Alo,Texas A&M,0.71
FR,SEC,4.32,64,3.24,"Jalen Johnson, Tennessee",Jalen Johnson,Tennessee,7.56
SO,SEC,1.88,43,-1.05,"Tai Wynyard, Kentucky",Tai Wynyard,Kentucky,0.83
SO,Big East,0.31,6,-2.57,"Leighton Schrand, Xavier",Leighton Schrand,Xavier,-2.26
,CAA,-1,3,-1.27,"Trent Robinson, College of Charleston",Trent Robinson,College of Charleston,-2.27
FR,SEC,-0.59,25,-0.84,"Michael Porter Jr., Missouri",Michael Porter Jr.,Missouri,-1.43
SO,Pac-12,-0.74,12,-1.59,"Grant Fogerty, Arizona State",Grant Fogerty,Arizona State,-2.33
FR,ACC,3.02,72,-0.24,"Malik William, Clemson",Malik William,Clemson,2.78
JR,A-10,9.82,246,-0.85,"Nicola Akele, Rhode Island",Nicola Akele,Rhode Island,8.97
JR,WAC,1.4,38,-3.8,"Leston Gordon, New Mexico State",Leston Gordon,New Mexico State,-2.4
FR,ACC,8.53,222,4.27,"Wabissa Bede, Virginia Tech",Wabissa Bede,Virginia Tech,12.8
JR,MWC,11.93,679,-7.16,"Jeremy Hemsley, San Diego State",Jeremy Hemsley,San Diego State,4.77
FR,CAA,6.07,168,-8.55,"Osinachi Smart, College of Charleston",Osinachi Smart,College of Charleston,-2.48
FR,MAC,0,193,-2.5,"James Reese, Buffalo",James Reese,Buffalo,-2.5
FR,Big Ten,-0.59,9,-1.91,"Connor Fulton, Ohio State",Connor Fulton,Ohio State,-2.5
SO,AAC,0,979,148.84,"Landry Shamet, Wichita State",Landry Shamet,Wichita State,148.84
SO,ACC,3.48,199,1.74,"Tyrie Jackson, Virginia Tech",Tyrie Jackson,Virginia Tech,5.22
JR,A-10,12.45,92,-4.63,"Ryan Preston, Rhode Island",Ryan Preston,Rhode Island,7.82
SR,Ivy,1.37,37,-4.1,"Dan Dwyer, Pennsylvania",Dan Dwyer,Pennsylvania,-2.73
FR,SEC,4.75,48,-4.16,"Isiah Jasey, Texas A&M",Isiah Jasey,Texas A&M,0.59
FR,Big East,0.34,24,-1.71,"Shavar Reynolds, Seton Hall",Shavar Reynolds,Seton Hall,-1.37
FR,Patriot,16.51,758,-19.26,"Jimmy Sotos, Bucknell",Jimmy Sotos,Bucknell,-2.75
SR,AAC,63.58,758,60.93,"Shaquille Morris, Wichita State",Shaquille Morris,Wichita State,124.51
JR,Horizon,2.05,15,-0.13,"Adam Giles, Wright State",Adam Giles,Wright State,1.92
FR,Pac-12,-0.49,8,-2.4,"Jordan Salzman, Arizona State",Jordan Salzman,Arizona State,-2.89
JR,Big South,2.01,58,-4.94,"Darius Bolstad, Radford",Darius Bolstad,Radford,-2.93
SR,A-10,-3.78,545,11.35,"Andre Berry, Rhode Island",Andre Berry,Rhode Island,7.57
JR,SEC,-0.24,5,-0.23,"Frank Byers, Texas A&M",Frank Byers,Texas A&M,-0.47
FR,Big East,0.2,57,-2.94,"Philip Flory, Seton Hall",Philip Flory,Seton Hall,-2.74
FR,A-Sun,-2.35,53,-0.71,"John Matt Merritt, Lipscomb",John Matt Merritt,Lipscomb,-3.06
SO,A-10,0.19,36,0.37,"Mike Layssard, Rhode Island",Mike Layssard,Rhode Island,0.56
SR,Big 12,28.47,667,22.78,"Niem Stevenson, Texas Tech",Niem Stevenson,Texas Tech,51.25
SR,AAC,64.5,769,44.35,"Rashard Kelly, Wichita State",Rashard Kelly,Wichita State,108.85
SO,A-10,0.09,4,-1.1,"Jack Galatio, St. Bonaventure",Jack Galatio,St. Bonaventure,-1.01
JR,SEC,0.14,3,-0.09,"Dillon Pulliam, Kentucky",Dillon Pulliam,Kentucky,0.05
SR,Horizon,-0.13,18,-3.21,"Trey Stacey, Wright State",Trey Stacey,Wright State,-3.34
SO,Big South,-1.28,22,-2.08,"Devin Cooper, Radford",Devin Cooper,Radford,-3.36
SR,Big 12,45.4,391,-4.01,"Zach Smith, Texas Tech",Zach Smith,Texas Tech,41.39
,Big 12,0.11,64,-3.52,"Mike McGuirl, Kansas State",Mike McGuirl,Kansas State,-3.41
SO,AAC,16.86,689,65.02,"Austin Reaves, Wichita State",Austin Reaves,Wichita State,81.88
FR,Big Sky,-1.03,42,-2.43,"Lars Espe, Montana",Lars Espe,Montana,-3.46
FR,A-Sun,-1.32,14,-2.21,"Zach Flener, Lipscomb",Zach Flener,Lipscomb,-3.53
JR,Big 12,14.18,519,18.61,"Brandone Francis, Texas Tech",Brandone Francis,Texas Tech,32.79
FR,MAC,-0.33,20,-3.41,"Colby Moultrie, Buffalo",Colby Moultrie,Buffalo,-3.74
FR,ACC,-0.54,307,5.36,"P.J. Horne, Virginia Tech",P.J. Horne,Virginia Tech,4.82
SO,Big West,18.87,540,-22.65,"Davon Clare, Cal State Fullerton",Davon Clare,Cal State Fullerton,-3.78
FR,Big East,1.31,123,-4.37,"Jordan Walker, Seton Hall",Jordan Walker,Seton Hall,-3.06
SO,Sun Belt,-1.29,13,-2.65,"Nile Felton, Georgia State",Nile Felton,Georgia State,-3.94
JR,A-10,1.2,11,-0.84,"Will Leviton, Rhode Island",Will Leviton,Rhode Island,0.36
SR,MWC,0.17,98,-10.6,"Darien Williams, Nevada",Darien Williams,Nevada,-10.43
FR,CAA,-1.03,30,-3.01,"Brevin Galloway, College of Charleston",Brevin Galloway,College of Charleston,-4.04
SO,ACC,-0.19,4,-0.82,"Isaac Fields, Clemson",Isaac Fields,Clemson,-1.01
SO,A-10,2.31,14,-2.28,"Michael Tertsea, Rhode Island",Michael Tertsea,Rhode Island,0.03
SR,Big 12,21.13,495,-5.92,"Tommy Hamilton, Texas Tech",Tommy Hamilton,Texas Tech,15.21
JR,SEC,4.21,208,-1.4,"Chris Darrington, Tennessee",Chris Darrington,Tennessee,2.81
JR,ACC,-0.68,6,-1.23,"Lyles Davis, Clemson",Lyles Davis,Clemson,-1.91
SR,Summit,13.38,494,25.86,"Lane Severyn, South Dakota State",Lane Severyn,South Dakota State,39.24
SR,AAC,1.24,707,64.25,"Conner Frankamp, Wichita State",Conner Frankamp,Wichita State,65.49
JR,SEC,-0.58,7,1.88,"Lucas Campbell, Tennessee",Lucas Campbell,Tennessee,1.3
JR,A-Sun,-25.83,639,20.91,"Matt Rose, Lipscomb",Matt Rose,Lipscomb,-4.92
SR,AAC,28.85,635,34.4,"Zach Brown, Wichita State",Zach Brown,Wichita State,63.25
SR,Big 12,-0.99,18,-3.99,"Mason Schoen, Kansas State",Mason Schoen,Kansas State,-4.98
FR,ACC,3.25,215,-5.42,"Clyde Trapp, Clemson",Clyde Trapp,Clemson,-2.17
FR,Big 12,10.4,406,0,"Davide Moretti, Texas Tech",Davide Moretti,Texas Tech,10.4
JR,Southern,-2.48,33,-2.59,"Lloyd Burgess, North Carolina-Greensboro",Lloyd Burgess,North Carolina-Greensboro,-5.07
SO,SWAC,-79.82,937,74.73,"Demontrae Jefferson, Texas Southern",Demontrae Jefferson,Texas Southern,-5.09
SR,Summit,7.55,523,16.99,"Ian Theisen, South Dakota State",Ian Theisen,South Dakota State,24.54
SR,Big 12,-2.26,23,1.13,"Dalton Dry, Texas Christian",Dalton Dry,Texas Christian,-1.13
,MAC,2.88,311,-8.07,"Ikenna Smart, Buffalo",Ikenna Smart,Buffalo,-5.19
,Ivy,-1.2,12,-4.03,"Zack Kaminsky, Pennsylvania",Zack Kaminsky,Pennsylvania,-5.23
FR,Summit,-41.27,994,41.27,"David Jenkins, Jr., South Dakota State","David Jenkins, Jr.",South Dakota State,0
JR,Horizon,1.09,69,-6.4,"Alan Vest, Wright State",Alan Vest,Wright State,-5.31
JR,Horizon,28.33,771,-33.73,"Parker Ernsthausen, Wright State",Parker Ernsthausen,Wright State,-5.4
SR,ACC,0.1,14,-3.87,"Nicholas Fullard, Virginia Tech",Nicholas Fullard,Virginia Tech,-3.77
,Ivy,-1.78,39,-3.71,"Jakub Mijakowski, Pennsylvania",Jakub Mijakowski,Pennsylvania,-5.49
SR,A-Sun,2.01,55,-7.52,"Asa Duvall, Lipscomb",Asa Duvall,Lipscomb,-5.51
FR,Big East,0.54,99,-6.07,"Elias Harden, Xavier",Elias Harden,Xavier,-5.53
FR,Patriot,4.24,73,-9.8,"Paul Newman, Bucknell",Paul Newman,Bucknell,-5.56
SR,AAC,15.27,437,17.56,"Rauno Nurger, Wichita State",Rauno Nurger,Wichita State,32.83
SR,Ivy,-7.23,111,1.56,"Sam Jones, Pennsylvania",Sam Jones,Pennsylvania,-5.67
SO,Sun Belt,2.73,47,-8.52,"Chris Clerkley, Georgia State",Chris Clerkley,Georgia State,-5.79
FR,Big 12,0.06,33,-5.22,"RJ Nembhard, Texas Christian",RJ Nembhard,Texas Christian,-5.16
JR,MWC,0.66,27,-2.37,"Michael Sohikish, San Diego State",Michael Sohikish,San Diego State,-1.71
SO,SEC,-0.57,5,-1.64,"Mark French, Texas A&M",Mark French,Texas A&M,-2.21
JR,MWC,1.37,78,-3.84,"Montaque Gill-Caesar, San Diego State",Montaque Gill-Caesar,San Diego State,-2.47
SO,SWAC,-0.39,43,-5.77,"Divonte Lumpkin, Texas Southern",Divonte Lumpkin,Texas Southern,-6.16
FR,Big 12,0.78,19,0.91,"Parker Hicks, Texas Tech",Parker Hicks,Texas Tech,1.69
FR,Patriot,-0.19,34,-6.11,"Jordan Sechan, Bucknell",Jordan Sechan,Bucknell,-6.3
SO,Big Sky,34.26,752,-40.85,"Sayeed Pridgett, Montana",Sayeed Pridgett,Montana,-6.59
FR,Sun Belt,1.83,357,-8.55,"Kane Williams, Georgia State",Kane Williams,Georgia State,-6.72
SR,Big Ten,4.32,220,-11.17,"Jaaron Simmons, Michigan",Jaaron Simmons,Michigan,-6.85
FR,Big West,1.57,69,-8.44,"Johnny Wang, Cal State Fullerton",Johnny Wang,Cal State Fullerton,-6.87
JR,Summit,-3.73,35,-3.16,"Dallas Polk-Hilliard, South Dakota State",Dallas Polk-Hilliard,South Dakota State,-6.89
SR,Southern,5.3,167,-12.27,"Justin Jordan, North Carolina-Greensboro",Justin Jordan,North Carolina-Greensboro,-6.97
SR,Big 12,-0.7,6,-1.14,"Ryan McClurg, Texas",Ryan McClurg,Texas,-1.84
SO,Summit,-2.05,14,-4.93,"Beau Brown, South Dakota State",Beau Brown,South Dakota State,-6.98
JR,Patriot,-2.54,350,-4.45,"Nate Jones, Bucknell",Nate Jones,Bucknell,-6.99
JR,SEC,0.21,4,-1.7,"Jonny David, Kentucky",Jonny David,Kentucky,-1.49
JR,MAAC,-1.33,31,-5.77,"Tyrell Williams, Iona",Tyrell Williams,Iona,-7.1
SR,AAC,11.13,579,21.25,"Darral Willis Jr., Wichita State",Darral Willis Jr.,Wichita State,32.38
,Patriot,-3.73,137,-3.73,"Matt O'Reilly, Bucknell",Matt O'Reilly,Bucknell,-7.46
JR,MEAC,3.61,140,-11.08,"Marius McAllister, North Carolina Central",Marius McAllister,North Carolina Central,-7.47
SO,Big 12,2.09,24,-1.11,"Andrew Sorrells, Texas Tech",Andrew Sorrells,Texas Tech,0.98
FR,Big 12,-3.25,50,-4.33,"Nigel Shadd, Kansas State",Nigel Shadd,Kansas State,-7.58
FR,Big West,-1.61,84,-6.17,"Josh Pitts, Cal State Fullerton",Josh Pitts,Cal State Fullerton,-7.78
FR,SEC,0.31,5,-0.23,"Jacob Fleschman, Tennessee",Jacob Fleschman,Tennessee,0.08
,AAC,1.39,399,16.04,"Markis McDuffie, Wichita State",Markis McDuffie,Wichita State,17.43
SR,MAAC,12.78,793,-21.29,"Tarekeyi Edogi, Iona",Tarekeyi Edogi,Iona,-8.51
FR,Big 12,3.33,286,-11.9,"Levi Stockard III, Kansas State",Levi Stockard III,Kansas State,-8.57
FR,Big Sky,-0.96,548,-7.68,"Timmy Falls, Montana",Timmy Falls,Montana,-8.64
SO,SEC,-0.49,28,-2.84,"Brad Calipari, Kentucky",Brad Calipari,Kentucky,-3.33
SO,Patriot,-0.75,206,-8.23,"Ben Robertson, Bucknell",Ben Robertson,Bucknell,-8.98
JR,Ivy,18.23,863,-27.34,"Antonio Woods, Pennsylvania",Antonio Woods,Pennsylvania,-9.11
JR,MEAC,-3.07,21,-6.07,"Alex Mills, North Carolina Central",Alex Mills,North Carolina Central,-9.14
JR,SEC,-0.23,6,-1.06,"Brad Woodson, Tennessee",Brad Woodson,Tennessee,-1.29
SO,Big Sky,-2.75,56,-6.97,"Trevor Spoja, Montana",Trevor Spoja,Montana,-9.72
JR,ACC,-1.39,7,-4.07,"Justin Ammerman, Virginia Tech",Justin Ammerman,Virginia Tech,-5.46
SR,WAC,-1.59,151,-8.47,"Joe Garza, New Mexico State",Joe Garza,New Mexico State,-10.06
JR,MEAC,-16.86,980,6.74,"Raasean Davis, North Carolina Central",Raasean Davis,North Carolina Central,-10.12
FR,Patriot,-5.21,169,-4.91,"John Meeks, Bucknell",John Meeks,Bucknell,-10.12
SO,AAC,6.21,127,0.89,"C.J. Keyser, Wichita State",C.J. Keyser,Wichita State,7.1
FR,Sun Belt,-4.06,24,-6.24,"Denis Alibegovic, Georgia State",Denis Alibegovic,Georgia State,-10.3
,MAAC,-8.08,141,-2.27,"C.J. Seaforth, Iona",C.J. Seaforth,Iona,-10.35
FR,Ivy,-2.29,100,-8.1,"Eddie Scott, Pennsylvania",Eddie Scott,Pennsylvania,-10.39
SR,Big 12,-0.82,5,-1.15,"Joe Schwartz, Texas",Joe Schwartz,Texas,-1.97
JR,Big South,-2.3,56,-8.13,"Tristan Owens, Radford",Tristan Owens,Radford,-10.43
SO,Big South,3.13,662,-13.58,"Travis Fields, Radford",Travis Fields,Radford,-10.45
FR,SEC,1.2,339,-7.19,"Jay Jay Chandler, Texas A&M",Jay Jay Chandler,Texas A&M,-5.99
SO,ACC,-0.46,137,-10.13,"Scott Spencer, Clemson",Scott Spencer,Clemson,-10.59
SO,A-10,-0.58,24,-1.79,"Eric Dadika, Rhode Island",Eric Dadika,Rhode Island,-2.37
FR,Big 12,1.2,90,-12.19,"Royce Hamm Jr., Texas",Royce Hamm Jr.,Texas,-10.99
FR,Big West,-4.52,136,-6.65,"Daniel Venzant, Cal State Fullerton",Daniel Venzant,Cal State Fullerton,-11.17
SO,AAC,-0.88,14,1.88,"Brett Barney, Wichita State",Brett Barney,Wichita State,1
,SWAC,-2.28,105,-9.52,"Kevin Granger, Texas Southern",Kevin Granger,Texas Southern,-11.8
FR,AAC,-0.11,8,0.73,"Jacob Herrs, Wichita State",Jacob Herrs,Wichita State,0.62
SR,Big 12,-5.78,411,-6.5,"Ahmed Hamdy Mohamed, Texas Christian",Ahmed Hamdy Mohamed,Texas Christian,-12.28
FR,AAC,-0.47,9,-0.25,"Brycen Bush, Wichita State",Brycen Bush,Wichita State,-0.72
JR,Ivy,-8.31,236,-4.57,"Jackson Donahue, Pennsylvania",Jackson Donahue,Pennsylvania,-12.88
SR,SWAC,-7.99,232,-5.05,"Kevin Scott, Texas Southern",Kevin Scott,Texas Southern,-13.04
JR,A-10,-0.12,17,-3.12,"Ndene Gueye, St. Bonaventure",Ndene Gueye,St. Bonaventure,-3.24
FR,Big South,-2.71,245,-10.44,"Leroy Butts IV, Radford",Leroy Butts IV,Radford,-13.15
SR,A-Sun,-1.89,492,-12.31,"Aaron Korn, Lipscomb",Aaron Korn,Lipscomb,-14.2
FR,CAA,-1,76,-13.36,"Samba Ndiaye, College of Charleston",Samba Ndiaye,College of Charleston,-14.36
FR,MAAC,-0.18,103,-14.2,"Gavin Kensmil, Iona",Gavin Kensmil,Iona,-14.38
SR,CAA,-9.73,237,-4.67,"Evan Bailey, College of Charleston",Evan Bailey,College of Charleston,-14.4
FR,Sun Belt,-1.69,110,-12.79,"Josh Linder, Georgia State",Josh Linder,Georgia State,-14.48
FR,Big Sky,4.02,287,-18.61,"Karl Nicholas, Montana",Karl Nicholas,Montana,-14.59
SO,Big West,-5.2,119,-9.57,"Dwight Ramos, Cal State Fullerton",Dwight Ramos,Cal State Fullerton,-14.77
JR,Patriot,-16.58,609,1.11,"Kimbal MacKenzie, Bucknell",Kimbal MacKenzie,Bucknell,-15.47
SO,MEAC,-9.36,259,-6.68,"John Guerra, North Carolina Central",John Guerra,North Carolina Central,-16.04
SO,CAA,-1.63,497,-14.69,"Jaylen McManus, College of Charleston",Jaylen McManus,College of Charleston,-16.32
SO,A-10,4.71,454,-21.21,"Amadi Ikpeze, St. Bonaventure",Amadi Ikpeze,St. Bonaventure,-16.5
SO,Southern,1.85,370,-18.54,"Malik Massey, North Carolina-Greensboro",Malik Massey,North Carolina-Greensboro,-16.69
JR,Big West,-15.22,968,-1.69,"Khalil Ahmad, Cal State Fullerton",Khalil Ahmad,Cal State Fullerton,-16.91
SO,Ivy,4.6,327,-21.87,"Devon Goodman, Pennsylvania",Devon Goodman,Pennsylvania,-17.27
JR,MAAC,2.71,757,-20.33,"Roland Griffin, Iona",Roland Griffin,Iona,-17.62
SO,Big West,17.74,846,-35.48,"Austen Awosika, Cal State Fullerton",Austen Awosika,Cal State Fullerton,-17.74
JR,AAC,-6.89,263,4.14,"Samajae Haynes-Jones, Wichita State",Samajae Haynes-Jones,Wichita State,-2.75
FR,AAC,0.26,49,-5.22,"Asbjorn Midtgaard, Wichita State",Asbjorn Midtgaard,Wichita State,-4.96
JR,Big West,0.51,294,-21.06,"Dominik Heinzl, Cal State Fullerton",Dominik Heinzl,Cal State Fullerton,-20.55
SO,Big West,7.37,703,-28.26,"Jamal Smith, Cal State Fullerton",Jamal Smith,Cal State Fullerton,-20.89
FR,Pac-12,3.01,421,-24.08,"Chris Smith, UCLA",Chris Smith,UCLA,-21.07
JR,MEAC,-1.4,406,-20.25,"Zacarry Douglas, North Carolina Central",Zacarry Douglas,North Carolina Central,-21.65
SO,WAC,16.75,478,-38.53,"Shunn Buchanan, New Mexico State",Shunn Buchanan,New Mexico State,-21.78
FR,SEC,-1.1,13,-1.65,"Zach Kent, Tennessee",Zach Kent,Tennessee,-2.75
SR,Sun Belt,-31.34,632,8.65,"Isaiah Williams, Georgia State",Isaiah Williams,Georgia State,-22.69
SO,Big South,-21.82,922,-1.45,"Donald Hicks, Radford",Donald Hicks,Radford,-23.27
,SWAC,-11.35,202,-12.08,"Jerry Perry, Texas Southern",Jerry Perry,Texas Southern,-23.43
FR,SEC,-3.12,589,-20.82,"TJ Starks, Texas A&M",TJ Starks,Texas A&M,-23.94
SR,SWAC,-20.25,532,-3.86,"Lamont Walker, Texas Southern",Lamont Walker,Texas Southern,-24.11
JR,MAC,-32.94,936,8.67,"Nick Perkins, Buffalo",Nick Perkins,Buffalo,-24.27
JR,Summit,3.25,300,-27.62,"Chris Howell, South Dakota State",Chris Howell,South Dakota State,-24.37
JR,Summit,-15.24,603,-10.88,"Brandon Key, South Dakota State",Brandon Key,South Dakota State,-26.12
JR,Big 12,8.42,145,-12.13,"Josh Webster, Texas Tech",Josh Webster,Texas Tech,-3.71
JR,SWAC,-17.64,263,-10.49,"Robert Lewis, Texas Southern",Robert Lewis,Texas Southern,-28.13
JR,SWAC,-44.36,979,15.97,"Derrick Bruce, Texas Southern",Derrick Bruce,Texas Southern,-28.39
JR,MEAC,-3.87,250,-24.94,"Raekwon Harney, North Carolina Central",Raekwon Harney,North Carolina Central,-28.81
JR,AAC,-0.39,28,-5.19,"Kaelen Malone, Wichita State",Kaelen Malone,Wichita State,-5.58
FR,Horizon,15.42,678,-45.09,"Everett Winchester, Wright State",Everett Winchester,Wright State,-29.67
JR,Sun Belt,11.46,335,-41.25,"Jordan Tyson, Georgia State",Jordan Tyson,Georgia State,-29.79
FR,Big 12,1.66,75,-9.22,"Malik Ondigo, Texas Tech",Malik Ondigo,Texas Tech,-7.56
SR,SWAC,-16.14,685,-14.9,"Marquis Salmon, Texas Southern",Marquis Salmon,Texas Southern,-31.04
SO,MEAC,-19.36,363,-12.49,"C.J. Wiggins, North Carolina Central",C.J. Wiggins,North Carolina Central,-31.85
SR,A-Sun,-2.48,258,-29.8,"George Brammeier, Lipscomb",George Brammeier,Lipscomb,-32.28
SO,A-Sun,20.42,816,-54.98,"Kenny Cooper, Lipscomb",Kenny Cooper,Lipscomb,-34.56
SO,Big South,0,506,-35.92,"Devonnte Holland, Radford",Devonnte Holland,Radford,-35.92
SO,A-10,-10.32,351,-26.72,"Josh Ayeni, St. Bonaventure",Josh Ayeni,St. Bonaventure,-37.04
SR,Big South,-17.16,351,-22.15,"Justin Cousin, Radford",Justin Cousin,Radford,-39.31
JR,MEAC,2.08,403,-41.59,"Brandon Goldsmith, North Carolina Central",Brandon Goldsmith,North Carolina Central,-39.51
SR,Big South,-9.44,748,-30.68,"Christian Bradford, Radford",Christian Bradford,Radford,-40.12
FR,SWAC,-23.81,398,-16.59,"Cainan McClelland, Texas Southern",Cainan McClelland,Texas Southern,-40.4
SR,MEAC,-10.56,361,-31.67,"Dominique Reid, North Carolina Central",Dominique Reid,North Carolina Central,-42.23
FR,Horizon,-5.17,738,-38.75,"Jaylon Hall, Wright State",Jaylon Hall,Wright State,-43.92
FR,A-Sun,-5.25,341,-38.73,"Greg Jones, Lipscomb",Greg Jones,Lipscomb,-43.98
JR,MEAC,-20.73,309,-31.36,"Alston Jones, North Carolina Central",Alston Jones,North Carolina Central,-52.09
SO,A-Sun,-12.15,263,-41.01,"Andrew Fleming, Lipscomb",Andrew Fleming,Lipscomb,-53.16
JR,MEAC,-23.82,554,-36.21,"Larry McKnight, North Carolina Central",Larry McKnight,North Carolina Central,-60.03
SR,SWAC,-55.94,1187,-4.3,"Donte Clark, Texas Southern",Donte Clark,Texas Southern,-60.24
SO,SWAC,-21.22,509,-43.36,"Brian Carey, Texas Southern",Brian Carey,Texas Southern,-64.58
FR,MEAC,-38.18,925,-36.59,"Jordan Perkins, North Carolina Central",Jordan Perkins,North Carolina Central,-74.77
,MEAC,-65.75,1006,-19.03,"Reginald Gardner, North Carolina Central",Reginald Gardner,North Carolina Central,-84.78
