Card Name,Description,Race,Card Class,Cost,Attack,Health,Card Pack,Card Type,Popularity
Acidmaw,"Whenever another minion takes damage, destroy it.",Beast,Beast,7.0,4.0,2.0,The Grand Tournament,Minion,37.0
Al'Akir the Windlord,"Windfury, Charge, Divine Shield, Taunt",,,8.0,3.0,5.0,Classic,Minion,1907.0
Alexstrasza,Battlecry: Set a hero's remaining Health to 15.,Dragon,Dragon,9.0,8.0,8.0,Classic,Minion,6386.0
Anub'arak,Deathrattle: Return this to your hand and summon a 4/4 Nerubian.,,,9.0,8.0,4.0,The Grand Tournament,Minion,87.0
Arch-Thief Rafaam,Battlecry: Discover a powerful Artifact.,,,9.0,7.0,8.0,The League of Explorers,Minion,216.0
Archmage Antonidas,"Whenever you cast a spell, add a 'Fireball' spell to your hand.",,,7.0,5.0,7.0,Classic,Minion,3705.0
Aviana,Your minions cost (1).,,,9.0,5.0,5.0,The Grand Tournament,Minion,135.0
Baron Geddon,"At the end of your turn, deal 2 damage to ALL other characters.",,,7.0,7.0,5.0,Classic,Minion,1990.0
Baron Rivendare,Your minions trigger their Deathrattles twice.,,,4.0,1.0,7.0,Naxxramas,Minion,1985.0
Blingtron 3000,Battlecry: Equip a random weapon for each player.,Mech,Mech,5.0,3.0,4.0,Goblins vs Gnomes,Minion,510.0
Bloodmage Thalnos,Spell Damage +1. Deathrattle: Draw a card.,,,2.0,1.0,1.0,Classic,Minion,10165.0
Bolf Ramshield,"Whenever your hero takes damage, this minion takes it instead.",,,6.0,3.0,9.0,The Grand Tournament,Minion,92.0
Bolvar Fordragon,"Whenever a friendly minion dies while this is in your hand, gain +1 Attack.",,,5.0,1.0,7.0,Goblins vs Gnomes,Minion,345.0
Brann Bronzebeard,Your Battlecries trigger twice.,,,3.0,2.0,4.0,The League of Explorers,Minion,1121.0
Cairne Bloodhoof,Deathrattle: Summon a 4/5 Baine Bloodhoof.,,,6.0,4.0,5.0,Classic,Minion,6012.0
Captain Greenskin,Battlecry: Give your weapon +1/+1.,Pirate,Pirate,5.0,5.0,4.0,Classic,Minion,1240.0
Cenarius,Choose One - Give your other minions +2/+2; or Summon two 2/2 Treants with Taunt.,,,9.0,5.0,8.0,Classic,Minion,2229.0
Chillmaw,"Taunt Deathrattle: If you're holding a Dragon, deal 3 damage to all minions.",Dragon,Dragon,7.0,6.0,6.0,The Grand Tournament,Minion,565.0
Chromaggus,"Whenever you draw a card, put another copy into your hand.",Dragon,Dragon,8.0,6.0,8.0,Blackrock Mountain,Minion,1527.0
Confessor Paletress,Inspire: Summon a random Legendary minion.,,,7.0,5.0,4.0,The Grand Tournament,Minion,263.0
Deathwing,Battlecry: Destroy all other minions and discard your hand.,Dragon,Dragon,10.0,12.0,12.0,Classic,Minion,1326.0
Dr. Boom,Battlecry: Summon two 1/1 Boom Bots. WARNING: Bots may explode.,,,7.0,7.0,7.0,Goblins vs Gnomes,Minion,13005.0
Dreadscale,"At the end of your turn, deal 1 damage to all other minions.",Beast,Beast,3.0,4.0,2.0,The Grand Tournament,Minion,125.0
Eadric the Pure,Battlecry: Change all enemy minions' Attack to 1.,,,7.0,3.0,7.0,The Grand Tournament,Minion,120.0
Edwin VanCleef,Combo: Gain +2/+2 for each card played earlier this turn.,,,3.0,2.0,2.0,Classic,Minion,2097.0
Elise Starseeker,Battlecry: Shuffle the 'Map to the Golden Monkey'   into your deck.,,,4.0,3.0,5.0,The League of Explorers,Minion,394.0
Elite Tauren Chieftain,Battlecry: Give both players the power to ROCK! (with a Power Chord card),,,5.0,5.0,5.0,Promotion,Minion,389.0
Emperor Thaurissan,"At the end of your turn, reduce the Cost of cards in your hand by (1).",,,6.0,5.0,5.0,Blackrock Mountain,Minion,7410.0
Eydis Darkbane,"Whenever you target this minion with a spell, deal 3 damage to a random enemy.",,,3.0,3.0,4.0,The Grand Tournament,Minion,209.0
Feugen,"Deathrattle: If Stalagg also died this game, summon Thaddius.",,,5.0,4.0,7.0,Naxxramas,Minion,1835.0
Fjola Lightbane,"Whenever you target this minion with a spell, gain Divine Shield.",,,3.0,3.0,4.0,The Grand Tournament,Minion,164.0
Flame Leviathan,"When you draw this, deal 2 damage to all characters.",Mech,Mech,7.0,7.0,7.0,Goblins vs Gnomes,Minion,104.0
Foe Reaper 4000,Also damages the minions next to whomever he attacks.,Mech,Mech,8.0,6.0,9.0,Goblins vs Gnomes,Minion,423.0
Gahz'rilla,"Whenever this minion takes damage, double its Attack.",Beast,Beast,7.0,6.0,9.0,Goblins vs Gnomes,Minion,271.0
Gazlowe,"Whenever you cast a 1-mana spell, add a random Mech to your hand.",,,6.0,3.0,6.0,Goblins vs Gnomes,Minion,362.0
Gelbin Mekkatorque,Battlecry: Summon an AWESOME invention.,,,6.0,6.0,6.0,Promotion,Minion,634.0
Gormok the Impaler,"Battlecry: If you have at least 4 other minions, deal 4 damage.",,,4.0,4.0,4.0,The Grand Tournament,Minion,260.0
Grommash Hellscream,Charge Enrage: +6 Attack,,,8.0,4.0,9.0,Classic,Minion,3665.0
Gruul,"At the end of each turn, gain +1/+1 .",,,8.0,7.0,7.0,Classic,Minion,778.0
Harrison Jones,Battlecry: Destroy your opponent's weapon and draw cards equal to its Durability.,,,5.0,5.0,4.0,Classic,Minion,3396.0
Hemet Nesingwary,Battlecry: Destroy a Beast.,,,5.0,6.0,3.0,Goblins vs Gnomes,Minion,73.0
Hogger,"At the end of your turn, summon a 2/2 Gnoll with Taunt.",,,6.0,4.0,4.0,Classic,Minion,1754.0
Icehowl,Charge Can't attack heroes.,,,9.0,10.0,10.0,The Grand Tournament,Minion,76.0
Illidan Stormrage,"Whenever you play a card, summon a 2/1 Flame of Azzinoth.",Demon,Demon,6.0,7.0,5.0,Classic,Minion,1356.0
Iron Juggernaut,"Battlecry: Shuffle a Mine into your opponent's deck. When drawn, it explodes for 10 damage.",Mech,Mech,6.0,6.0,5.0,Goblins vs Gnomes,Minion,445.0
Justicar Trueheart,Battlecry: Replace your starting Hero Power with a better one.,,,6.0,6.0,3.0,The Grand Tournament,Minion,1621.0
Kel'Thuzad,"At the end of each turn, summon all friendly minions that died this turn.",,,8.0,6.0,8.0,Naxxramas,Minion,3848.0
King Krush,Charge,Beast,Beast,9.0,8.0,8.0,Classic,Minion,1027.0
King Mukla,Battlecry: Give your opponent 2 Bananas.,Beast,Beast,3.0,5.0,5.0,Classic,Minion,1492.0
Leeroy Jenkins,Charge. Battlecry: Summon two 1/1 Whelps for your opponent.,,,5.0,6.0,2.0,Classic,Minion,7464.0
Loatheb,Battlecry: Enemy spells cost (5) more next turn.,,,5.0,5.0,5.0,Naxxramas,Minion,12644.0
Lord Jaraxxus,Battlecry: Destroy your hero and replace it with Lord Jaraxxus.,Demon,Demon,9.0,3.0,15.0,Classic,Minion,3240.0
Lorewalker Cho,"Whenever a player casts a spell, put a copy into the other player’s hand.",,,2.0,0.0,4.0,Classic,Minion,861.0
Maexxna,Destroy any minion damaged by this minion.,Beast,Beast,6.0,2.0,8.0,Naxxramas,Minion,1340.0
Majordomo Executus,"Deathrattle: Replace your hero with Ragnaros, the Firelord.",,,9.0,9.0,7.0,Blackrock Mountain,Minion,286.0
Mal'Ganis,Your other Demons have +2/+2. Your hero is Immune.,Demon,Demon,9.0,9.0,7.0,Goblins vs Gnomes,Minion,1449.0
Malorne,Deathrattle: Shuffle this minion into your deck.,Beast,Beast,7.0,9.0,7.0,Goblins vs Gnomes,Minion,301.0
Malygos,Spell Damage +5,Dragon,Dragon,9.0,4.0,12.0,Classic,Minion,2515.0
Mekgineer Thermaplugg,"Whenever an enemy minion dies, summon a Leper Gnome.",Mech,Mech,9.0,9.0,7.0,Goblins vs Gnomes,Minion,229.0
Millhouse Manastorm,Battlecry: Enemy spells cost (0) next turn.,,,2.0,4.0,4.0,Classic,Minion,502.0
Mimiron's Head,"At the start of your turn, if you have at least 3 Mechs, destroy them all and form V-07-TR-0N.",Mech,Mech,5.0,4.0,5.0,Goblins vs Gnomes,Minion,311.0
Mogor the Ogre,All minions have a 50% chance to attack the wrong enemy.,,,6.0,7.0,6.0,Goblins vs Gnomes,Minion,168.0
Nat Pagle,"At the start of your turn, you have a 50% chance to draw an extra card.",,,2.0,0.0,4.0,Classic,Minion,2678.0
Nefarian,Battlecry: Add 2 random spells to your hand (from your opponent's class).,Dragon,Dragon,9.0,8.0,8.0,Blackrock Mountain,Minion,1252.0
Neptulon,Battlecry: Add 4 random Murlocs to your hand. Overload: (3),,,7.0,7.0,7.0,Goblins vs Gnomes,Minion,690.0
Nexus-Champion Saraad,Inspire: Add a random spell to your hand.,,,5.0,4.0,5.0,The Grand Tournament,Minion,488.0
Nozdormu,Players only have 15 seconds to take their turns.,Dragon,Dragon,9.0,8.0,8.0,Classic,Minion,473.0
Old Murk-Eye,Charge. Has +1 Attack for each other Murloc on the battlefield.,Murloc,Murloc,4.0,2.0,4.0,Reward,Minion,2068.0
Onyxia,Battlecry: Summon 1/1 Whelps until your side of the battlefield is full.,Dragon,Dragon,9.0,8.0,8.0,Classic,Minion,1013.0
Prophet Velen,Double the damage and healing of your spells and Hero Power.,,,7.0,7.0,7.0,Classic,Minion,1477.0
Ragnaros the Firelord,"Can't attack. At the end of your turn, deal 8 damage to a random enemy.",,,8.0,8.0,8.0,Classic,Minion,11186.0
Rend Blackhand,"Battlecry: If you're holding a Dragon, destroy a Legendary minion.",,,7.0,8.0,4.0,Blackrock Mountain,Minion,420.0
Reno Jackson,"Battlecry: If your deck contains no more than 1 of any card, fully heal your hero.",,,6.0,4.0,6.0,The League of Explorers,Minion,1085.0
Rhonin,Deathrattle: Add 3 copies of Arcane Missiles to your hand.,,,8.0,7.0,7.0,The Grand Tournament,Minion,290.0
Sir Finley Mrrgglton,Battlecry: Discover a new basic Hero Power.,Murloc,Murloc,1.0,1.0,3.0,The League of Explorers,Minion,808.0
Skycap'n Kragg,Charrrrrge Costs (1) less for each friendly Pirate.,Pirate,Pirate,7.0,4.0,6.0,The Grand Tournament,Minion,116.0
Sneed's Old Shredder,Deathrattle: Summon a random legendary minion.,Mech,Mech,8.0,5.0,7.0,Goblins vs Gnomes,Minion,1647.0
Stalagg,"Deathrattle: If Feugen also died this game, summon Thaddius.",,,5.0,7.0,4.0,Naxxramas,Minion,1806.0
Sylvanas Windrunner,Deathrattle: Take control of a random enemy minion.,,,6.0,5.0,5.0,Classic,Minion,12706.0
The Beast,Deathrattle: Summon a 3/3 Finkle Einhorn for your opponent.,Beast,Beast,6.0,9.0,7.0,Classic,Minion,713.0
The Black Knight,Battlecry: Destroy an enemy minion with Taunt.,,,6.0,4.0,5.0,Classic,Minion,5832.0
The Mistcaller,Battlecry: Give all minions in your hand and deck +1/+1.,,,6.0,4.0,4.0,The Grand Tournament,Minion,202.0
The Skeleton Knight,"Deathrattle: Reveal a minion in each deck. If yours costs more, return this to your hand.",,,6.0,7.0,4.0,The Grand Tournament,Minion,41.0
Tinkmaster Overspark,Battlecry: Transform another random minion into a 5/5 Devilsaur or a 1/1 Squirrel.,,,3.0,3.0,3.0,Classic,Minion,2079.0
Tirion Fordring,Divine Shield. Taunt. Deathrattle: Equip a 5/3 Ashbringer.,,,8.0,6.0,6.0,Classic,Minion,4575.0
Toshley,Battlecry and Deathrattle: Add a Spare Part card to your hand.,,,6.0,5.0,7.0,Goblins vs Gnomes,Minion,482.0
Trade Prince Gallywix,"Whenever your opponent casts a spell, gain a copy of it and give them a Coin.",,,6.0,5.0,8.0,Goblins vs Gnomes,Minion,309.0
Troggzor the Earthinator,"Whenever your opponent casts a spell, summon a Burly Rockjaw Trogg.",,,7.0,6.0,6.0,Goblins vs Gnomes,Minion,551.0
Varian Wrynn,Battlecry: Draw 3 cards. Put any minions you drew directly into the battlefield.,,,10.0,7.0,7.0,The Grand Tournament,Minion,290.0
Vol'jin,Battlecry: Swap Health with another minion.,,,5.0,6.0,2.0,Goblins vs Gnomes,Minion,1138.0
Wilfred Fizzlebang,Cards you draw from your Hero Power cost (0).,,,6.0,4.0,4.0,The Grand Tournament,Minion,68.0
Ysera,"At the end of your turn, add a Dream Card to your hand.",Dragon,Dragon,9.0,4.0,12.0,Classic,Minion,6356.0
Charged Hammer,Deathrattle: Your Hero Power becomes 'Deal 2 damage.',,,4.0,2.0,4.0,The Grand Tournament,Weapon,124.0
Coghammer,Battlecry: Give a random friendly minion Divine Shield and Taunt.,,,3.0,2.0,3.0,Goblins vs Gnomes,Weapon,1689.0
Cogmaster's Wrench,Has +2 Attack while you have a Mech.,,,3.0,1.0,3.0,Goblins vs Gnomes,Weapon,169.0
Doomhammer,"Windfury, Overload: (2)",,,5.0,2.0,8.0,Classic,Weapon,2537.0
Gladiator's Longbow,Your hero is Immune while attacking.,,,7.0,5.0,2.0,Classic,Weapon,899.0
Gorehowl,Attacking a minion costs 1 Attack instead of 1 Durability.,,,7.0,7.0,1.0,Classic,Weapon,2200.0
Poisoned Blade,Your Hero Power gives this weapon +1 Attack instead of replacing it.,,,4.0,1.0,3.0,The Grand Tournament,Weapon,32.0
Sword of Justice,"After you summon a minion, give it +1/+1 and this loses 1 Durability.",,,3.0,1.0,5.0,Classic,Weapon,2546.0
Ancestor's Call,Put a random minion from each player's hand into the battlefield.,,,4.0,,,Goblins vs Gnomes,Spell,217.0
Arcane Blast,Deal 2 damage to a minion. This spell gets double bonus from Spell Damage.,,,1.0,,,The Grand Tournament,Spell,342.0
Astral Communion,Gain 10 Mana Crystals. Discard your hand.,,,4.0,,,The Grand Tournament,Spell,77.0
Avenging Wrath,Deal 8 damage randomly split among all enemies.,,,6.0,,,Classic,Spell,2866.0
Bane of Doom,"Deal 2 damage to a character. If that kills it, summon a random Demon.",,,5.0,,,Classic,Spell,1054.0
Beneath the Grounds,"Shuffle 3 Ambushes into your opponent's deck. When drawn, you summon a 4/4 Nerubian.",,,3.0,,,The Grand Tournament,Spell,141.0
Bestial Wrath,Give a friendly Beast +2 Attack and Immune this turn.,,,1.0,,,Classic,Spell,562.0
Bouncing Blade,Deal 1 damage to a random minion. Repeat until a minion dies.,,,3.0,,,Goblins vs Gnomes,Spell,300.0
Brawl,Destroy all minions except one. (chosen randomly),,,5.0,,,Classic,Spell,3291.0
Confuse,Swap the Attack and Health of all minions.,,,2.0,,,The Grand Tournament,Spell,58.0
Crush,"Destroy a minion. If you have a damaged minion, this costs (4) less.",,,7.0,,,Goblins vs Gnomes,Spell,234.0
Dark Bargain,Destroy 2 random enemy minions. Discard 2 random cards.,,,6.0,,,The Grand Tournament,Spell,37.0
Dark Wispers,Choose One - Summon 5 Wisps; or Give a minion +5/+5 and Taunt.,,,6.0,,,Goblins vs Gnomes,Spell,195.0
Demonheart,"Deal 5 damage to a minion.  If it's a friendly Demon, give it +5/+5 instead.",,,5.0,,,Goblins vs Gnomes,Spell,466.0
Echo of Medivh,Put a copy of each friendly minion into your hand.,,,4.0,,,Goblins vs Gnomes,Spell,981.0
Elemental Destruction,Deal 4-5 damage to all minions. Overload: (5),,,3.0,,,The Grand Tournament,Spell,277.0
Enter the Coliseum,Destroy all minions except each player's highest Attack minion.,,,6.0,,,The Grand Tournament,Spell,87.0
Far Sight,Draw a card. That card costs (3) less.,,,3.0,,,Classic,Spell,485.0
Feign Death,Trigger all Deathrattles on your minions.,,,2.0,,,Goblins vs Gnomes,Spell,370.0
Force of Nature,Summon three 2/2 Treants with Charge that die at the end of the turn.,,,6.0,,,Classic,Spell,4334.0
Ice Block,"Secret: When your hero takes fatal damage, prevent it and become Immune this turn.",,,3.0,,,Classic,Spell,3269.0
Lay on Hands,Restore 8 Health. Draw 3 cards.,,,8.0,,,Classic,Spell,3752.0
Lightbomb,Deal damage to each minion equal to its Attack.,,,6.0,,,Goblins vs Gnomes,Spell,1571.0
Lock and Load,"Each time you cast a spell this turn, add a random Hunter card to your hand.",,,2.0,,,The Grand Tournament,Spell,115.0
Mindgames,Put a copy of a random minion from your opponent's deck into the battlefield.,,,4.0,,,Classic,Spell,842.0
Mulch,Destroy a minion. Add a random minion to your opponent's hand.,,,3.0,,,The Grand Tournament,Spell,112.0
Preparation,The next spell you cast this turn costs (3) less.,,,0.0,,,Classic,Spell,3331.0
Pyroblast,Deal 10 damage.,,,10.0,,,Classic,Spell,3575.0
Sabotage,Destroy a random enemy minion. Combo: And your opponent's weapon.,,,4.0,,,Goblins vs Gnomes,Spell,453.0
Shadowform,Your Hero Power becomes 'Deal 2 damage'. If already in Shadowform: 3 damage.,,,3.0,,,Classic,Spell,792.0
Shield Slam,Deal 1 damage to a minion for each Armor you have.,,,1.0,,,Classic,Spell,3276.0
Snake Trap,"Secret: When one of your minions is attacked, summon three 1/1 Snakes.",,,2.0,,,Classic,Spell,2118.0
Spellbender,"Secret: When an enemy casts a spell on a minion, summon a 1/3 as the new target.",,,3.0,,,Classic,Spell,876.0
Tree of Life,Restore all characters to full Health.,,,9.0,,,Goblins vs Gnomes,Spell,310.0
Twisting Nether,Destroy all minions.,,,8.0,,,Classic,Spell,904.0
Ancient of Lore,Choose One - Draw 2 cards; or Restore 5 Health.,,,7.0,5.0,5.0,Classic,Minion,5389.0
Ancient of War,Choose One - +5 Attack; or +5 Health and Taunt.,,,7.0,5.0,5.0,Classic,Minion,2827.0
Anima Golem,"At the end of each turn, destroy this minion if it's your only one.",Mech,Mech,6.0,9.0,9.0,Goblins vs Gnomes,Minion,187.0
Big Game Hunter,Battlecry: Destroy a minion with an Attack of 7 or more.,,,3.0,4.0,2.0,Classic,Minion,12894.0
Blood Knight,Battlecry: All minions lose Divine Shield. Gain +3/+3 for each Shield lost.,,,3.0,3.0,3.0,Classic,Minion,2299.0
Cabal Shadow Priest,Battlecry: Take control of an enemy minion that has 2 or less Attack.,,,6.0,4.0,5.0,Classic,Minion,3984.0
Captain's Parrot,Battlecry: Put a random Pirate from your deck into your hand.,Beast,Beast,2.0,1.0,1.0,Reward,Minion,438.0
Clockwork Giant,Costs (1) less for each card in your opponent's hand.,Mech,Mech,12.0,8.0,8.0,Goblins vs Gnomes,Minion,358.0
Coldarra Drake,You can use your Hero Power any number of times.,Dragon,Dragon,6.0,6.0,6.0,The Grand Tournament,Minion,160.0
Crowd Favorite,"Whenever you play a card with Battlecry, gain +1/+1.",,,4.0,4.0,4.0,The Grand Tournament,Minion,59.0
Djinni of Zephyrs,"After you cast a spell on another friendly minion, cast a copy of it on this one.",,,5.0,4.0,6.0,The League of Explorers,Minion,95.0
Doomsayer,"At the start of your turn, destroy ALL minions.",,,2.0,0.0,7.0,Classic,Minion,2744.0
Dreadsteed,Deathrattle: Summon a Dreadsteed.,Demon,Demon,4.0,1.0,1.0,The Grand Tournament,Minion,186.0
Earth Elemental,Taunt. Overload: (3),,,5.0,7.0,8.0,Classic,Minion,1614.0
Echoing Ooze,Battlecry: Summon an exact copy of this minion at the end of the turn.,,,2.0,1.0,2.0,Naxxramas,Minion,1351.0
Enhance-o Mechano,"Battlecry: Give your other minions Windfury, Taunt, or Divine Shield. (at random)",Mech,Mech,4.0,3.0,2.0,Goblins vs Gnomes,Minion,1304.0
Faceless Manipulator,Battlecry: Choose a minion and become a copy of it.,,,5.0,3.0,3.0,Classic,Minion,9059.0
Fel Reaver,"Whenever your opponent plays a card, remove the top 3 cards of your deck.",Mech,Mech,5.0,8.0,8.0,Goblins vs Gnomes,Minion,603.0
Frost Giant,Costs (1) less for each time you used your Hero Power this game.,,,10.0,8.0,8.0,The Grand Tournament,Minion,257.0
Garrison Commander,You can use your Hero Power twice a turn.,,,2.0,2.0,3.0,The Grand Tournament,Minion,347.0
Grand Crusader,Battlecry: Add a random Paladin card to your hand.,,,6.0,5.0,5.0,The Grand Tournament,Minion,116.0
Hobgoblin,"Whenever you play a 1-Attack minion, give it +2/+2.",,,3.0,2.0,3.0,Goblins vs Gnomes,Minion,551.0
Hungry Crab,Battlecry: Destroy a Murloc and gain +2/+2.,Beast,Beast,1.0,1.0,2.0,Classic,Minion,704.0
Junkbot,"Whenever a friendly Mech dies, gain +2/+2.",Mech,Mech,5.0,1.0,5.0,Goblins vs Gnomes,Minion,240.0
Kidnapper,Combo: Return a minion to its owner's hand.,,,6.0,5.0,3.0,Classic,Minion,250.0
Kodorider,Inspire: Summon a 3/5 War Kodo.,,,6.0,3.0,5.0,The Grand Tournament,Minion,220.0
Magnataur Alpha,Also damages the minions next to whomever he attacks.,,,4.0,5.0,3.0,The Grand Tournament,Minion,10.0
Master of Ceremonies,"Battlecry: If you have a minion with Spell Damage, gain +2/+2.",,,3.0,4.0,2.0,The Grand Tournament,Minion,48.0
Mini-Mage,Stealth Spell Damage +1,,,4.0,4.0,1.0,Goblins vs Gnomes,Minion,127.0
Molten Giant,Costs (1) less for each damage your hero has taken.,,,20.0,8.0,8.0,Classic,Minion,4788.0
Mountain Giant,Costs (1) less for each other card in your hand.,,,12.0,8.0,8.0,Classic,Minion,3045.0
Murloc Warleader,ALL other Murlocs have +2/+1.,Murloc,Murloc,3.0,3.0,3.0,Classic,Minion,2079.0
Mysterious Challenger,Battlecry: Put one of each Secret from your deck into the battlefield.,,,6.0,6.0,6.0,The Grand Tournament,Minion,728.0
Naga Sea Witch,Your cards cost (5).,,,5.0,5.0,5.0,The League of Explorers,Minion,49.0
Patient Assassin,Stealth. Destroy any minion damaged by this minion.,,,2.0,1.0,1.0,Classic,Minion,381.0
Piloted Sky Golem,Deathrattle: Summon a random 4-Cost minion.,Mech,Mech,6.0,6.0,4.0,Goblins vs Gnomes,Minion,1749.0
Pit Lord,Battlecry: Deal 5 damage to your hero.,Demon,Demon,4.0,5.0,6.0,Classic,Minion,504.0
Quartermaster,Battlecry: Give your Silver Hand Recruits +2/+2.,,,5.0,2.0,5.0,Goblins vs Gnomes,Minion,1739.0
Recombobulator,Battlecry: Transform a friendly minion into a random minion with the same Cost.,,,2.0,3.0,2.0,Goblins vs Gnomes,Minion,698.0
Recruiter,Inspire: Add a 2/2 Squire to your hand.,,,5.0,5.0,4.0,The Grand Tournament,Minion,41.0
Sea Giant,Costs (1) less for each other minion on the battlefield.,,,10.0,8.0,8.0,Classic,Minion,2215.0
Sea Reaver,"When you draw this, deal 1 damage to your minions.",,,6.0,6.0,7.0,The Grand Tournament,Minion,13.0
Shade of Naxxramas,"Stealth. At the start of your turn, gain +1/+1.",,,3.0,2.0,2.0,Naxxramas,Minion,2600.0
Shadowbomber,Battlecry: Deal 3 damage to each hero.,,,1.0,2.0,1.0,Goblins vs Gnomes,Minion,180.0
Shadowfiend,"Whenever you draw a card, reduce its Cost by (1).",,,3.0,3.0,3.0,The Grand Tournament,Minion,81.0
Sideshow Spelleater,Battlecry: Copy your opponent's Hero Power.,,,6.0,6.0,5.0,The Grand Tournament,Minion,44.0
Siltfin Spiritwalker,"Whenever another friendly Murloc dies, draw a card. Overload: (1)",Murloc,Murloc,4.0,2.0,5.0,Goblins vs Gnomes,Minion,262.0
Southsea Captain,Your other Pirates have +1/+1.,Pirate,Pirate,3.0,3.0,3.0,Classic,Minion,720.0
Stablemaster,Battlecry: Give a friendly Beast Immune this turn.,,,3.0,4.0,2.0,The Grand Tournament,Minion,44.0
Steamwheedle Sniper,Your Hero Power can target minions.,,,2.0,2.0,3.0,Goblins vs Gnomes,Minion,315.0
Twilight Guardian,"Battlecry: If you're holding a Dragon, gain +1 Attack and Taunt.",Dragon,Dragon,4.0,2.0,6.0,The Grand Tournament,Minion,1113.0
Wee Spellstopper,Adjacent minions can't be targeted by spells or Hero Powers.,,,4.0,2.0,5.0,Goblins vs Gnomes,Minion,106.0
Argent Lance,"Battlecry: Reveal a minion in each deck. If yours costs more, +1 Durability.",,,2.0,2.0,2.0,The Grand Tournament,Weapon,88.0
Cursed Blade,Double all damage dealt to your hero.,,,1.0,2.0,3.0,The League of Explorers,Weapon,36.0
Eaglehorn Bow,"Whenever a friendly Secret is revealed, gain +1 Durability.",,,3.0,3.0,2.0,Classic,Weapon,5188.0
King's Defender,"Battlecry: If you have a minion with Taunt,  gain +1 Durability.",,,3.0,3.0,2.0,The Grand Tournament,Weapon,89.0
Perdition's Blade,Battlecry: Deal 1 damage. Combo: Deal 2 instead.,,,3.0,2.0,2.0,Classic,Weapon,1589.0
Powermace,Deathrattle: Give a random friendly Mech +2/+2.,,,3.0,3.0,2.0,Goblins vs Gnomes,Weapon,851.0
Ancestral Spirit,"Give a minion ""Deathrattle: Resummon this minion.""",,,2.0,,,Classic,Spell,1387.0
Anyfin Can Happen,Summon 7 Murlocs that died this game.,,,10.0,,,The League of Explorers,Spell,227.0
Ball of Spiders,Summon three 1/1 Webspinners.,,,6.0,,,The Grand Tournament,Spell,130.0
Bite,Give your hero +4 Attack this turn and 4 Armor.,,,4.0,,,Classic,Spell,752.0
Blade Flurry,Destroy your weapon and deal its damage to all enemies.,,,2.0,,,Classic,Spell,4836.0
Blessed Champion,Double a minion's Attack.,,,5.0,,,Classic,Spell,832.0
Blizzard,Deal 2 damage to all enemy minions and Freeze them.,,,6.0,,,Classic,Spell,4881.0
Burgle,Add 2 random class cards to your hand (from your opponent's class).,,,3.0,,,The Grand Tournament,Spell,176.0
Call Pet,"Draw a card. If it's a Beast, it costs (4) less.",,,2.0,,,Goblins vs Gnomes,Spell,215.0
Commanding Shout,Your minions can't be reduced below 1 Health this turn. Draw a card.,,,2.0,,,Classic,Spell,1009.0
Competitive Spirit,"Secret: When your turn starts, give your minions +1/+1.",,,1.0,,,The Grand Tournament,Spell,861.0
Convert,Put a copy of an enemy minion into your hand.,,,2.0,,,The Grand Tournament,Spell,106.0
Counterspell,"Secret: When your opponent casts a spell, Counter it.",,,3.0,,,Classic,Spell,2551.0
Demonwrath,Deal 2 damage to all non-Demon minions.,,,3.0,,,Blackrock Mountain,Spell,507.0
Divine Favor,Draw cards until you have as many in hand as your opponent.,,,3.0,,,Classic,Spell,2645.0
Effigy,"Secret: When a friendly minion dies, summon a random minion with the same Cost.",,,3.0,,,The Grand Tournament,Spell,487.0
Equality,Change the Health of ALL minions to 1.,,,2.0,,,Classic,Spell,6067.0
Everyfin is Awesome,Give your minions +2/+2. Costs (1) less for each Murloc you control.,,,7.0,,,The League of Explorers,Spell,89.0
Excavated Evil,Deal 3 damage to all minions. Shuffle this card into your opponent's deck.,,,5.0,,,The League of Explorers,Spell,160.0
Explorer's Hat,"Give a minion +1/+1 and ""Deathrattle: Add an Explorer's Hat to your hand.""",,,2.0,,,The League of Explorers,Spell,90.0
Explosive Shot,Deal 5 damage to a minion and 2 damage to adjacent ones.,,,5.0,,,Classic,Spell,1831.0
Feral Spirit,Summon two 2/3 Spirit Wolves with Taunt. Overload: (2),,,3.0,,,Classic,Spell,5432.0
Fist of Jaraxxus,"When you play or discard this, deal 4 damage to a random enemy.",,,4.0,,,The Grand Tournament,Spell,91.0
Flare,All minions lose Stealth. Destroy all enemy Secrets. Draw a card.,,,2.0,,,Classic,Spell,2331.0
Headcrack,Deal 2 damage to the enemy hero. Combo: Return this to your hand next turn.,,,3.0,,,Classic,Spell,826.0
Healing Wave,"Restore 7 Health. Reveal a minion in each deck. If yours costs more, Restore 14 instead.",,,3.0,,,The Grand Tournament,Spell,412.0
Holy Fire,Deal 5 damage. Restore 5 Health to your hero.,,,6.0,,,Classic,Spell,3964.0
Holy Wrath,Draw a card and deal damage equal to its cost.,,,5.0,,,Classic,Spell,454.0
Imp-losion,Deal 2-4 damage to a minion. Summon a 1/1 Imp for each damage dealt.,,,4.0,,,Goblins vs Gnomes,Spell,2506.0
Lava Burst,Deal 5 damage. Overload: (2),,,3.0,,,Classic,Spell,2083.0
Lava Shock,Deal 2 damage. Unlock your Overloaded Mana Crystals.,,,2.0,,,Blackrock Mountain,Spell,656.0
Light of the Naaru,"Restore 3 Health. If the target is still damaged, summon a Lightwarden.",,,1.0,,,Goblins vs Gnomes,Spell,1582.0
Lightning Storm,Deal 2-3 damage to all enemy minions. Overload: (2),,,3.0,,,Classic,Spell,6305.0
Mass Dispel,Silence all enemy minions. Draw a card.,,,4.0,,,Classic,Spell,1351.0
Misdirection,"Secret: When a character attacks your hero, instead he attacks another random character.",,,2.0,,,Classic,Spell,1469.0
Mortal Strike,"Deal 4 damage. If you have 12 or less Health, deal 6 instead.",,,4.0,,,Classic,Spell,1297.0
Muster for Battle,Summon three 1/1 Silver Hand Recruits. Equip a 1/4 Weapon.,,,3.0,,,Goblins vs Gnomes,Spell,3478.0
Nourish,Choose One - Gain 2 Mana Crystals; or Draw 3 cards.,,,5.0,,,Classic,Spell,2099.0
Polymorph: Boar,Transform a minion into a 4/2 Boar with Charge.,,,3.0,,,The Grand Tournament,Spell,150.0
Powershot,Deal 2 damage to a minion and the minions next to it.,,,3.0,,,The Grand Tournament,Spell,204.0
Recycle,Shuffle an enemy minion into your opponent's deck.,,,6.0,,,Goblins vs Gnomes,Spell,69.0
Resurrect,Summon a random friendly minion that died this game.,,,2.0,,,Blackrock Mountain,Spell,492.0
Revenge,"Deal 1 damage to all minions. If you have 12 or less Health, deal 3 damage instead.",,,2.0,,,Blackrock Mountain,Spell,391.0
Savagery,Deal damage equal to your hero's Attack to a minion.,,,1.0,,,Classic,Spell,324.0
Shadow Madness,Gain control of an enemy minion with 3 or less Attack until end of turn.,,,4.0,,,Classic,Spell,3181.0
Shadowflame,Destroy a friendly minion and deal its Attack damage to all enemy minions.,,,4.0,,,Classic,Spell,4334.0
Siphon Soul,Destroy a minion. Restore 3 Health to your hero.,,,6.0,,,Classic,Spell,3936.0
Starfall,Choose One - Deal 5 damage to a minion; or 2 damage to all enemy minions.,,,5.0,,,Classic,Spell,2996.0
Unstable Portal,Add a random minion to your hand. It costs (3) less.,,,2.0,,,Goblins vs Gnomes,Spell,2659.0
Upgrade!,"If you have a weapon, give it +1/+1. Otherwise equip a 1/3 weapon.",,,1.0,,,Classic,Spell,1088.0
Vaporize,"Secret: When a minion attacks your hero, destroy it.",,,3.0,,,Classic,Spell,1577.0
Abomination,Taunt. Deathrattle: Deal 2 damage to ALL characters.,,,5.0,4.0,4.0,Classic,Minion,2362.0
Alarm-o-Bot,"At the start of your turn, swap this minion with a random one in your hand.",Mech,Mech,3.0,0.0,3.0,Classic,Minion,745.0
Aldor Peacekeeper,Battlecry: Change an enemy minion's Attack to 1.,,,3.0,3.0,3.0,Classic,Minion,5853.0
Alexstrasza's Champion,"Battlecry: If you're holding a Dragon, gain +1 Attack and Charge.",,,2.0,2.0,3.0,The Grand Tournament,Minion,167.0
Ancient Mage,Battlecry: Give adjacent minions Spell Damage +1.,,,4.0,2.0,5.0,Classic,Minion,949.0
Ancient Shade,Battlecry: Shuffle an 'Ancient Curse' into your deck that deals 7 damage to you when drawn.,,,4.0,7.0,4.0,The League of Explorers,Minion,57.0
Ancient Watcher,Can't attack.,,,2.0,4.0,5.0,Classic,Minion,3850.0
Angry Chicken,Enrage: +5 Attack.,Beast,Beast,1.0,1.0,1.0,Classic,Minion,769.0
Animated Armor,Your hero can only take 1 damage at a time.,,,4.0,4.0,4.0,The League of Explorers,Minion,94.0
Arcane Golem,Charge. Battlecry: Give your opponent a Mana Crystal.,,,3.0,4.0,2.0,Classic,Minion,4147.0
Arcane Nullifier X-21,Taunt Can't be targeted by spells or Hero Powers.,Mech,Mech,4.0,2.0,5.0,Goblins vs Gnomes,Minion,1309.0
Argent Commander,Charge Divine Shield,,,6.0,4.0,2.0,Classic,Minion,10190.0
Argent Watchman,Can't attack. Inspire: Can attack as normal this turn.,,,2.0,2.0,4.0,The Grand Tournament,Minion,90.0
Armored Warhorse,"Battlecry: Reveal a minion in each deck. If yours costs more, gain Charge.",Beast,Beast,4.0,5.0,3.0,The Grand Tournament,Minion,117.0
Armorsmith,"Whenever a friendly minion takes damage, gain 1 Armor.",,,2.0,1.0,4.0,Classic,Minion,4175.0
Auchenai Soulpriest,Your cards and powers that restore Health now deal damage instead.,,,4.0,3.0,5.0,Classic,Minion,4503.0
Azure Drake,Spell Damage +1. Battlecry: Draw a card.,Dragon,Dragon,5.0,4.0,4.0,Classic,Minion,20936.0
Bloodsail Corsair,Battlecry: Remove 1 Durability from your opponent's weapon.,Pirate,Pirate,1.0,1.0,2.0,Classic,Minion,914.0
Bomb Lobber,Battlecry: Deal 4 damage to a random enemy minion.,,,5.0,3.0,3.0,Goblins vs Gnomes,Minion,969.0
Cobalt Guardian,"Whenever you summon a Mech, gain Divine Shield.",Mech,Mech,5.0,6.0,3.0,Goblins vs Gnomes,Minion,140.0
Coldlight Oracle,Battlecry: Each player draws 2 cards.,Murloc,Murloc,3.0,2.0,2.0,Classic,Minion,3810.0
Coldlight Seer,Battlecry: Give ALL other Murlocs +2 Health.,Murloc,Murloc,3.0,2.0,3.0,Classic,Minion,1870.0
Coliseum Manager,Inspire: Return this minion to your hand.,,,3.0,2.0,5.0,The Grand Tournament,Minion,61.0
Core Rager,"Battlecry: If your hand is empty, gain +3/+3.",Beast,Beast,4.0,4.0,4.0,Blackrock Mountain,Minion,67.0
Crazed Alchemist,Battlecry: Swap the Attack and Health of a minion.,,,2.0,2.0,2.0,Classic,Minion,1647.0
Cutpurse,"Whenever this minion attacks a hero, add the Coin to your hand.",,,2.0,2.0,2.0,The Grand Tournament,Minion,103.0
Dark Iron Skulker,Battlecry: Deal 2 damage to all undamaged enemy minions.,,,5.0,4.0,3.0,Blackrock Mountain,Minion,265.0
Darnassus Aspirant,Battlecry: Gain an empty Mana Crystal. Deathrattle: Lose a Mana Crystal.,,,2.0,2.0,3.0,The Grand Tournament,Minion,1004.0
Deathlord,Taunt. Deathrattle: Your opponent puts a minion from their deck into the battlefield.,,,3.0,2.0,8.0,Naxxramas,Minion,3163.0
Defender of Argus,Battlecry: Give adjacent minions +1/+1 and Taunt.,,,4.0,2.0,3.0,Classic,Minion,21219.0
Demolisher,"At the start of your turn, deal 2 damage to a random enemy.",Mech,Mech,3.0,1.0,4.0,Classic,Minion,1879.0
Doomguard,Charge. Battlecry: Discard two random cards.,Demon,Demon,5.0,5.0,7.0,Classic,Minion,4212.0
Draenei Totemcarver,Battlecry: Gain +1/+1 for each friendly Totem.,,,4.0,4.0,4.0,The Grand Tournament,Minion,205.0
Dragon Consort,Battlecry: The next Dragon you play costs (2) less.,Dragon,Dragon,5.0,5.0,5.0,Blackrock Mountain,Minion,516.0
Dragon Egg,"Whenever this minion takes damage, summon a 2/1 Whelp.",,,1.0,0.0,2.0,Blackrock Mountain,Minion,462.0
Dunemaul Shaman,"Windfury, Overload: (1) 50% chance to attack the wrong enemy.",,,4.0,5.0,4.0,Goblins vs Gnomes,Minion,178.0
Eerie Statue,Can’t attack unless it’s the only minion in the battlefield.,,,4.0,7.0,7.0,The League of Explorers,Minion,102.0
Emperor Cobra,Destroy any minion damaged by this minion.,Beast,Beast,3.0,2.0,3.0,Classic,Minion,2096.0
Ethereal Arcanist,"If you control a Secret at the end of your turn, gain +2/+2.",,,4.0,3.0,3.0,Classic,Minion,1173.0
Fallen Hero,Your Hero Power deals 1 extra damage.,,,2.0,3.0,2.0,The Grand Tournament,Minion,254.0
Fel Cannon,"At the end of your turn, deal 2 damage to a non-Mech minion.",Mech,Mech,4.0,3.0,5.0,Goblins vs Gnomes,Minion,173.0
Felguard,Taunt. Battlecry: Destroy one of your Mana Crystals.,Demon,Demon,3.0,3.0,5.0,Classic,Minion,585.0
Fencing Coach,"Battlecry: The next time you use your Hero Power, it costs (2) less.",,,3.0,2.0,2.0,The Grand Tournament,Minion,199.0
Flamewaker,"After you cast a spell, deal 2 damage randomly split among all enemies.",,,3.0,2.0,4.0,Blackrock Mountain,Minion,1428.0
Frothing Berserker,"Whenever a minion takes damage, gain +1 Attack.",,,3.0,2.0,4.0,Classic,Minion,3729.0
Gadgetzan Auctioneer,"Whenever you cast a spell, draw a card.",,,6.0,4.0,4.0,Classic,Minion,5154.0
Gnomish Experimenter,"Battlecry: Draw a card. If it's a minion, transform it into a Chicken.",,,3.0,3.0,2.0,Goblins vs Gnomes,Minion,96.0
Goblin Blastmage,"Battlecry: If you have a Mech, deal 4 damage randomly split among all enemies.",,,4.0,5.0,4.0,Goblins vs Gnomes,Minion,1617.0
Goblin Sapper,Has +4 Attack while your opponent has 6 or more cards in hand.,,,3.0,2.0,4.0,Goblins vs Gnomes,Minion,241.0
Grim Patron,"Whenever this minion survives damage, summon another Grim Patron.",,,5.0,3.0,3.0,Blackrock Mountain,Minion,1373.0
Grove Tender,Choose One - Give each player a Mana Crystal; or Each player draws a card.,,,3.0,2.0,4.0,Goblins vs Gnomes,Minion,495.0
Illuminator,"If you control a Secret at the end of your turn, restore 4 Health to your hero.",,,3.0,2.0,4.0,Goblins vs Gnomes,Minion,452.0
Imp Master,"At the end of your turn, deal 1 damage to this minion and summon a 1/1 Imp.",,,3.0,1.0,5.0,Classic,Minion,2496.0
Injured Blademaster,Battlecry: Deal 4 damage to HIMSELF.,,,3.0,4.0,7.0,Classic,Minion,4405.0
Injured Kvaldir,Battlecry: Deal 3 damage to this minion.,,,1.0,2.0,4.0,The Grand Tournament,Minion,158.0
Iron Sensei,"At the end of your turn, give another friendly Mech +2/+2.",Mech,Mech,3.0,2.0,2.0,Goblins vs Gnomes,Minion,426.0
Jeeves,"At the end of each player's turn, that player draws until they have 3 cards.",Mech,Mech,4.0,1.0,4.0,Goblins vs Gnomes,Minion,1088.0
Jungle Moonkin,Both players have Spell Damage +2.,Beast,Beast,4.0,4.0,4.0,The League of Explorers,Minion,24.0
Keeper of the Grove,Choose One - Deal 2 damage; or Silence a minion.,,,4.0,2.0,4.0,Classic,Minion,7058.0
Kezan Mystic,Battlecry: Take control of a random enemy Secret.,,,4.0,4.0,3.0,Goblins vs Gnomes,Minion,1652.0
King of Beasts,Taunt. Battlecry: Gain +1 Attack for each other Beast you have.,Beast,Beast,5.0,2.0,6.0,Goblins vs Gnomes,Minion,278.0
Kirin Tor Mage,Battlecry: The next Secret you play this turn costs (0).,,,3.0,4.0,3.0,Classic,Minion,1897.0
Knife Juggler,"After you summon a minion, deal 1 damage to a random enemy.",,,2.0,3.0,2.0,Classic,Minion,15171.0
Knight of the Wild,"Whenever you summon a Beast, reduce the Cost of this card by (1).",,,7.0,6.0,6.0,The Grand Tournament,Minion,78.0
Light's Champion,Battlecry: Silence a Demon.,,,3.0,4.0,3.0,The Grand Tournament,Minion,37.0
Lightwarden,"Whenever a character is healed, gain +2 Attack.",,,1.0,1.0,2.0,Classic,Minion,1372.0
Lightwell,"At the start of your turn, restore 3 Health to a damaged friendly character.",,,2.0,0.0,5.0,Classic,Minion,2130.0
Lil' Exorcist,Taunt Battlecry: Gain +1/+1 for each enemy Deathrattle minion.,,,3.0,2.0,3.0,Goblins vs Gnomes,Minion,319.0
Madder Bomber,Battlecry: Deal 6 damage randomly split between all other characters.,,,5.0,5.0,4.0,Goblins vs Gnomes,Minion,446.0
Mana Addict,"Whenever you cast a spell, gain +2 Attack this turn.",,,2.0,1.0,3.0,Classic,Minion,993.0
Mana Tide Totem,"At the end of your turn, draw a card.",Totem,Totem,3.0,0.0,3.0,Classic,Minion,4088.0
Mana Wraith,ALL minions cost (1) more.,,,2.0,2.0,2.0,Classic,Minion,441.0
Master Jouster,"Battlecry: Reveal a minion in each deck. If yours costs more, gain Taunt and Divine Shield.",,,6.0,5.0,6.0,The Grand Tournament,Minion,210.0
Master of Disguise,Battlecry: Give a friendly minion Stealth.,,,4.0,4.0,4.0,Classic,Minion,491.0
Master Swordsmith,"At the end of your turn, give another random friendly minion +1 Attack.",,,2.0,1.0,3.0,Classic,Minion,1437.0
Mech-Bear-Cat,"Whenever this minion takes damage, add a Spare Part card to your hand.",Mech,Mech,6.0,7.0,6.0,Goblins vs Gnomes,Minion,260.0
Metaltooth Leaper,Battlecry: Give your other Mechs +2 Attack.,Mech,Mech,3.0,3.0,3.0,Goblins vs Gnomes,Minion,117.0
Mind Control Tech,"Battlecry: If your opponent has 4 or more minions, take control of one at random.",,,3.0,3.0,3.0,Classic,Minion,3690.0
Mistress of Pain,"Whenever this minion deals damage, restore that much Health to your hero.",Demon,Demon,2.0,1.0,4.0,Goblins vs Gnomes,Minion,670.0
Mogor's Champion,50% chance to attack the wrong enemy.,,,6.0,8.0,5.0,The Grand Tournament,Minion,38.0
Murloc Tidecaller,"Whenever a Murloc is summoned, gain +1 Attack.",Murloc,Murloc,1.0,1.0,2.0,Classic,Minion,2183.0
Nerubian Egg,Deathrattle: Summon a 4/4 Nerubian.,,,2.0,0.0,2.0,Naxxramas,Minion,5677.0
Ogre Ninja,Stealth 50% chance to attack the wrong enemy.,,,5.0,6.0,6.0,Goblins vs Gnomes,Minion,150.0
One-eyed Cheat,"Whenever you summon a Pirate, gain Stealth.",Pirate,Pirate,2.0,4.0,1.0,Goblins vs Gnomes,Minion,172.0
Pint-Sized Summoner,The first minion you play each turn costs (1) less.,,,2.0,2.0,2.0,Classic,Minion,1121.0
Questing Adventurer,"Whenever you play a card, gain +1/+1.",,,3.0,2.0,2.0,Classic,Minion,2581.0
Ram Wrangler,"Battlecry: If you have a Beast, summon a random Beast.",,,5.0,3.0,3.0,The Grand Tournament,Minion,339.0
Ravenholdt Assassin,Stealth,,,7.0,7.0,5.0,Classic,Minion,1138.0
Reliquary Seeker,"Battlecry: If you have 6 other minions, gain +4/+4.",,,1.0,1.0,1.0,The League of Explorers,Minion,74.0
Saboteur,Battlecry: Your opponent's Hero Power costs (5) more next turn.,,,3.0,4.0,3.0,The Grand Tournament,Minion,137.0
Savage Combatant,Inspire: Give your hero +2 Attack this turn.,Beast,Beast,4.0,5.0,4.0,The Grand Tournament,Minion,421.0
Savannah Highmane,Deathrattle: Summon two 2/2 Hyenas.,Beast,Beast,6.0,6.0,5.0,Classic,Minion,4745.0
Scarlet Purifier,Battlecry: Deal 2 damage to all minions with Deathrattle.,,,3.0,4.0,3.0,Goblins vs Gnomes,Minion,195.0
Screwjank Clunker,Battlecry: Give a friendly Mech +2/+2.,Mech,Mech,4.0,2.0,5.0,Goblins vs Gnomes,Minion,207.0
Secretkeeper,"Whenever a Secret is played, gain +1/+1.",,,1.0,1.0,2.0,Classic,Minion,1390.0
Shadowboxer,"Whenever a character is healed, deal 1 damage to a random enemy.",Mech,Mech,2.0,2.0,3.0,Goblins vs Gnomes,Minion,616.0
Shady Dealer,"Battlecry: If you have a Pirate, gain +1/+1.",,,3.0,4.0,3.0,The Grand Tournament,Minion,115.0
Shieldmaiden,Battlecry: Gain 5 Armor.,,,6.0,5.0,5.0,Goblins vs Gnomes,Minion,1683.0
SI:7 Agent,Combo: Deal 2 damage.,,,3.0,3.0,3.0,Classic,Minion,5517.0
Siege Engine,"Whenever you gain Armor, give this minion +1 Attack.",Mech,Mech,5.0,5.0,5.0,Goblins vs Gnomes,Minion,177.0
Sludge Belcher,Taunt. Deathrattle: Summon a 1/2 Slime with Taunt.,,,5.0,3.0,5.0,Naxxramas,Minion,16054.0
Soot Spewer,Spell Damage +1,Mech,Mech,3.0,3.0,3.0,Goblins vs Gnomes,Minion,355.0
Sparring Partner,Taunt Battlecry: Give a minion Taunt.,,,2.0,3.0,2.0,The Grand Tournament,Minion,170.0
Spawn of Shadows,Inspire: Deal 4 damage to each hero.,,,4.0,5.0,4.0,The Grand Tournament,Minion,115.0
Stampeding Kodo,Battlecry: Destroy a random enemy minion with 2 or less Attack.,Beast,Beast,5.0,3.0,5.0,Classic,Minion,3634.0
Summoning Stone,"Whenever you cast a spell, summon a random minion of the same Cost.",,,5.0,0.0,6.0,The League of Explorers,Minion,225.0
Sunfury Protector,Battlecry: Give adjacent minions Taunt.,,,2.0,2.0,3.0,Classic,Minion,7535.0
Sunwalker,Taunt Divine Shield,,,6.0,4.0,5.0,Classic,Minion,6605.0
Target Dummy,Taunt,Mech,Mech,0.0,0.0,2.0,Goblins vs Gnomes,Minion,514.0
Thunder Bluff Valiant,Inspire: Give your Totems +2 Attack.,,,5.0,3.0,6.0,The Grand Tournament,Minion,469.0
Tiny Knight of Evil,"Whenever you discard a card, gain +1/+1.",Demon,Demon,2.0,3.0,2.0,The Grand Tournament,Minion,49.0
Tuskarr Jouster,"Battlecry: Reveal a minion in each deck. If yours costs more, restore 7 Health to your hero.",,,5.0,5.0,5.0,The Grand Tournament,Minion,282.0
Twilight Drake,Battlecry: Gain +1 Health for each card in your hand.,Dragon,Dragon,4.0,4.0,1.0,Classic,Minion,4922.0
Unearthed Raptor,Battlecry: Choose a friendly minion. Gain a copy of its Deathrattle effect.,,,3.0,3.0,4.0,The League of Explorers,Minion,210.0
Upgraded Repair Bot,Battlecry: Give a friendly Mech +4 Health.,Mech,Mech,5.0,5.0,5.0,Goblins vs Gnomes,Minion,226.0
Violet Teacher,"Whenever you cast a spell, summon a 1/1 Violet Apprentice.",,,4.0,3.0,5.0,Classic,Minion,3378.0
Vitality Totem,"At the end of your turn, restore 4 Health to your hero.",Totem,Totem,2.0,0.0,3.0,Goblins vs Gnomes,Minion,355.0
Void Crusher,Inspire: Destroy a random minion for each player.,Demon,Demon,6.0,5.0,4.0,The Grand Tournament,Minion,42.0
Void Terror,Battlecry: Destroy the minions on either side of this minion and gain their Attack and Health.,Demon,Demon,3.0,3.0,3.0,Classic,Minion,2119.0
Volcanic Lumberer,Taunt Costs (1) less for each minion that died this turn.,,,9.0,7.0,8.0,Blackrock Mountain,Minion,187.0
Wailing Soul,Battlecry: Silence your other minions.,,,4.0,3.0,5.0,Naxxramas,Minion,340.0
Wild Pyromancer,"After you cast a spell, deal 1 damage to ALL minions.",,,2.0,3.0,2.0,Classic,Minion,6658.0
Wobbling Runts,Deathrattle: Summon three 2/2 Runts.,,,6.0,2.0,6.0,The League of Explorers,Minion,48.0
Wyrmrest Agent,"Battlecry: If you're holding a Dragon, gain +1 Attack and Taunt.",,,2.0,1.0,4.0,The Grand Tournament,Minion,542.0
Young Priestess,"At the end of your turn, give another random friendly minion +1 Health.",,,1.0,2.0,1.0,Classic,Minion,2791.0
Arcanite Reaper,,,,5.0,5.0,2.0,Basic,Weapon,3075.0
Assassin's Blade,,,,5.0,3.0,4.0,Basic,Weapon,2815.0
Death's Bite,Deathrattle: Deal 1 damage to all minions.,,,4.0,4.0,2.0,Naxxramas,Weapon,3767.0
Glaivezooka,Battlecry: Give a random friendly minion +1 Attack.,,,2.0,2.0,2.0,Goblins vs Gnomes,Weapon,1610.0
Ogre Warmaul,50% chance to attack the wrong enemy.,,,3.0,4.0,2.0,Goblins vs Gnomes,Weapon,125.0
Stormforged Axe,Overload: (1),,,2.0,2.0,3.0,Classic,Weapon,2786.0
Truesilver Champion,"Whenever your hero attacks, restore 2 Health to it.",,,4.0,4.0,2.0,Basic,Weapon,8963.0
Ancestral Knowledge,Draw 2 cards. Overload: (2),,,2.0,,,The Grand Tournament,Spell,490.0
Animal Companion,Summon a random Beast Companion.,,,3.0,,,Basic,Spell,7344.0
Avenge,"Secret: When one of your minions dies, give a random friendly minion +3/+2.",,,1.0,,,Naxxramas,Spell,1789.0
Bash,Deal 3 damage. Gain 3 Armor.,,,3.0,,,The Grand Tournament,Spell,743.0
Battle Rage,Draw a card for each damaged friendly character.,,,2.0,,,Classic,Spell,2131.0
Bear Trap,"Secret: After your hero is attacked, summon a 3/3 Bear with Taunt.",,,2.0,,,The Grand Tournament,Spell,596.0
Betrayal,Force an enemy minion to deal its damage to the minions next to it.,,,2.0,,,Classic,Spell,1041.0
Blessing of Kings,Give a minion +4/+4. (+4 Attack/+4 Health),,,4.0,,,Basic,Spell,5343.0
Blessing of Wisdom,"Choose a minion. Whenever it attacks, draw a card.",,,1.0,,,Classic,Spell,1660.0
Bloodlust,Give your minions +3 Attack this turn.,,,5.0,,,Basic,Spell,3572.0
Bolster,Give your Taunt minions +2/+2.,,,2.0,,,The Grand Tournament,Spell,160.0
Circle of Healing,Restore 4 Health to ALL minions.,,,0.0,,,Classic,Spell,4847.0
Cleave,Deal 2 damage to two random enemy minions.,,,2.0,,,Basic,Spell,2167.0
Cobra Shot,Deal 3 damage to a minion and the enemy hero.,,,5.0,,,Goblins vs Gnomes,Spell,180.0
Cold Blood,Give a minion +2 Attack. Combo: +4 Attack instead.,,,1.0,,,Classic,Spell,3417.0
Conceal,Give your minions Stealth until your next turn.,,,1.0,,,Classic,Spell,1906.0
Cone of Cold,"Freeze a minion and the minions next to it, and deal 1 damage to them.",,,4.0,,,Classic,Spell,3018.0
Consecration,Deal 2 damage to all enemies.,,,4.0,,,Basic,Spell,9190.0
Corruption,"Choose an enemy minion. At the start of your turn, destroy it.",,,1.0,,,Basic,Spell,882.0
Crackle,Deal 3-6 damage. Overload: (1),,,2.0,,,Goblins vs Gnomes,Spell,1881.0
Curse of Rafaam,"Give your opponent a 'Cursed!' card. While they hold it, they take 2 damage on their turn.",,,2.0,,,The League of Explorers,Spell,41.0
Darkbomb,Deal 3 damage.,,,2.0,,,Goblins vs Gnomes,Spell,2921.0
Dart Trap,"Secret: When an opposing Hero Power is used, deal 5 damage to a random enemy.",,,2.0,,,The League of Explorers,Spell,44.0
Deadly Shot,Destroy a random enemy minion.,,,3.0,,,Classic,Spell,3059.0
Demonfire,"Deal 2 damage to a minion. If it’s a friendly Demon, give it +2/+2 instead.",,,2.0,,,Classic,Spell,2066.0
Demonfuse,Give a Demon +3/+3. Give your opponent a Mana Crystal.,,,2.0,,,The Grand Tournament,Spell,63.0
Divine Spirit,Double a minion's Health.,,,2.0,,,Basic,Spell,3357.0
Dragon's Breath,Deal 4 damage. Costs (1) less for each minion that died this turn.,,,5.0,,,Blackrock Mountain,Spell,268.0
Duplicate,"Secret: When a friendly minion dies, put 2 copies of it into your hand.",,,3.0,,,Naxxramas,Spell,2368.0
Earth Shock,"Silence a minion, then deal 1 damage to it.",,,1.0,,,Classic,Spell,5859.0
Entomb,Choose an enemy minion. Shuffle it into your deck.,,,6.0,,,The League of Explorers,Spell,434.0
Eviscerate,Deal 2 damage. Combo: Deal 4 damage instead.,,,2.0,,,Classic,Spell,6778.0
Explosive Trap,"Secret: When your hero is attacked, deal 2 damage to all enemies.",,,2.0,,,Classic,Spell,5420.0
Eye for an Eye,"Secret: When your hero takes damage, deal that much damage to the enemy hero.",,,1.0,,,Classic,Spell,540.0
Fan of Knives,Deal 1 damage to all enemy minions. Draw a card.,,,3.0,,,Basic,Spell,4547.0
Flame Lance,Deal 8 damage to a minion.,,,5.0,,,The Grand Tournament,Spell,164.0
Flamecannon,Deal 4 damage to a random enemy minion.,,,2.0,,,Goblins vs Gnomes,Spell,2300.0
Flamestrike,Deal 4 damage to all enemy minions.,,,7.0,,,Basic,Spell,9363.0
Flash Heal,Restore 5 Health.,,,1.0,,,The Grand Tournament,Spell,475.0
Forgotten Torch,Deal 3 damage. Shuffle a 'Roaring Torch' into your deck that deals 6 damage.,,,3.0,,,The League of Explorers,Spell,497.0
Forked Lightning,Deal 2 damage to 2 random enemy minions. Overload: (2),,,1.0,,,Classic,Spell,1904.0
Freezing Trap,"Secret: When an enemy minion attacks, return it to its owner's hand and it costs (2) more.",,,2.0,,,Classic,Spell,3684.0
Frost Nova,Freeze all enemy minions.,,,3.0,,,Basic,Spell,3661.0
Frostbolt,Deal 3 damage to a character and Freeze it.,,,2.0,,,Basic,Spell,11604.0
Gang Up,Choose a minion. Shuffle 3 copies of it into your deck.,,,2.0,,,Blackrock Mountain,Spell,581.0
Holy Nova,Deal 2 damage to all enemies. Restore 2 Health to all friendly characters.,,,5.0,,,Basic,Spell,9135.0
Humility,Change a minion's Attack to 1.,,,1.0,,,Basic,Spell,1733.0
Hunter's Mark,Change a minion's Health to 1.,,,0.0,,,Basic,Spell,5077.0
Ice Barrier,"Secret: When your hero is attacked, gain 8 Armor.",,,3.0,,,Classic,Spell,3189.0
Ice Lance,"Freeze a character. If it was already Frozen, deal 4 damage instead.",,,1.0,,,Classic,Spell,3588.0
Inner Fire,Change a minion's Attack to be equal to its Health.,,,1.0,,,Classic,Spell,2864.0
Inner Rage,Deal 1 damage to a minion and give it +2 Attack.,,,0.0,,,Classic,Spell,2855.0
Kill Command,"Deal 3 damage. If you have a Beast, deal 5 damage instead.",,,3.0,,,Basic,Spell,7069.0
Lightning Bolt,Deal 3 damage. Overload: (1),,,1.0,,,Classic,Spell,4844.0
Living Roots,Choose One - Deal 2 damage; or Summon two 1/1 Saplings.,,,1.0,,,The Grand Tournament,Spell,884.0
Mark of Nature,Choose One - Give a minion +4 Attack; or +4 Health and Taunt.,,,3.0,,,Classic,Spell,1457.0
Mind Control,Take control of an enemy minion.,,,10.0,,,Basic,Spell,5116.0
Mind Vision,Put a copy of a random card in your opponent's hand into your hand.,,,1.0,,,Basic,Spell,1893.0
Mirror Entity,"Secret: When your opponent plays a minion, summon a copy of it.",,,3.0,,,Classic,Spell,4056.0
Mirror Image,Summon two 0/2 minions with Taunt.,,,1.0,,,Basic,Spell,5654.0
Moonfire,Deal 1 damage.,,,0.0,,,Basic,Spell,857.0
Mortal Coil,"Deal 1 damage to a minion. If that kills it, draw a card.",,,1.0,,,Basic,Spell,6291.0
Naturalize,Destroy a minion. Your opponent draws 2 cards.,,,1.0,,,Classic,Spell,1451.0
Noble Sacrifice,"Secret: When an enemy attacks, summon a 2/1 Defender as the new target.",,,1.0,,,Classic,Spell,2801.0
Poison Seeds,Destroy all minions and summon 2/2 Treants to replace them.,,,4.0,,,Naxxramas,Spell,649.0
Power of the Wild,Choose One - Give your minions +1/+1; or Summon a 3/2 Panther.,,,2.0,,,Classic,Spell,2918.0
Power Overwhelming,"Give a friendly minion +4/+4 until end of turn. Then, it dies. Horribly.",,,1.0,,,Classic,Spell,5714.0
Power Word: Glory,"Choose a minion. Whenever it attacks, restore 4 Health to your hero.",,,1.0,,,The Grand Tournament,Spell,162.0
Quick Shot,"Deal 3 damage. If your hand is empty, draw a card.",,,2.0,,,Blackrock Mountain,Spell,1545.0
Rampage,Give a damaged minion +3/+3.,,,2.0,,,Classic,Spell,1350.0
Raven Idol,Choose One - Discover a minion; or Discover a spell.,,,1.0,,,The League of Explorers,Spell,123.0
Redemption,"Secret: When one of your minions dies, return it to life with 1 Health.",,,1.0,,,Classic,Spell,2147.0
Reincarnate,"Destroy a minion, then return it to life with full Health.",,,2.0,,,Naxxramas,Spell,964.0
Repentance,"Secret: When your opponent plays a minion, reduce its Health to 1.",,,1.0,,,Classic,Spell,1052.0
Sacred Trial,"Secret: When your opponent has at least 3 minions and plays another, destroy it.",,,1.0,,,The League of Explorers,Spell,77.0
Sacrificial Pact,Destroy a Demon. Restore 5 Health to your hero.,,,0.0,,,Basic,Spell,935.0
Savage Roar,Give your characters +2 Attack this turn.,,,3.0,,,Basic,Spell,5534.0
Seal of Champions,Give a minion +3 Attack and Divine Shield.,,,3.0,,,The Grand Tournament,Spell,350.0
Seal of Light,Restore 4 Health to your hero and gain +2 Attack this turn.,,,2.0,,,Goblins vs Gnomes,Spell,393.0
Sense Demons,Put 2 random Demons from your deck into your hand.,,,3.0,,,Classic,Spell,982.0
Shadow Word: Death,Destroy a minion with an Attack of 5 or more.,,,3.0,,,Basic,Spell,9047.0
Shadowstep,Return a friendly minion to your hand. It costs (2) less.,,,0.0,,,Classic,Spell,2968.0
Shield Block,Gain 5 Armor. Draw a card.,,,3.0,,,Basic,Spell,4771.0
Shiv,Deal 1 damage. Draw a card.,,,2.0,,,Basic,Spell,3085.0
Silence,Silence a minion.,,,0.0,,,Classic,Spell,1951.0
Slam,"Deal 2 damage to a minion. If it survives, draw a card.",,,2.0,,,Classic,Spell,3355.0
Snipe,"Secret: When your opponent plays a minion, deal 4 damage to it.",,,2.0,,,Classic,Spell,1514.0
Solemn Vigil,Draw 2 cards. Costs (1) less for each minion that died this turn.,,,5.0,,,Blackrock Mountain,Spell,444.0
Soul of the Forest,"Give your minions ""Deathrattle: Summon a 2/2 Treant.""",,,4.0,,,Classic,Spell,1060.0
Soulfire,Deal 4 damage. Discard a random card.,,,1.0,,,Basic,Spell,5684.0
Sprint,Draw 4 cards.,,,7.0,,,Basic,Spell,2654.0
Starfire,Deal 5 damage. Draw a card.,,,6.0,,,Basic,Spell,2468.0
Swipe,Deal 4 damage to an enemy and 1 damage to all other enemies.,,,4.0,,,Basic,Spell,8673.0
Thoughtsteal,Copy 2 cards from your opponent's deck and put them into your hand.,,,3.0,,,Classic,Spell,5065.0
Tinker's Sharpsword Oil,Give your weapon +3 Attack. Combo: Give a random friendly minion +3 Attack.,,,4.0,,,Goblins vs Gnomes,Spell,1990.0
Totemic Might,Give your Totems +2 Health.,,,0.0,,,Basic,Spell,521.0
Unleash the Hounds,"For each enemy minion, summon a 1/1 Hound with Charge.",,,3.0,,,Classic,Spell,6599.0
Vanish,Return all minions to their owner's hand.,,,6.0,,,Basic,Spell,936.0
Velen's Chosen,Give a minion +2/+4 and Spell Damage +1.,,,3.0,,,Goblins vs Gnomes,Spell,2557.0
Whirlwind,Deal 1 damage to ALL minions.,,,1.0,,,Basic,Spell,4343.0
Wrath,Choose One - Deal 3 damage to a minion; or 1 damage and draw a card.,,,2.0,,,Classic,Spell,7508.0
Abusive Sergeant,Battlecry: Give a minion +2 Attack this turn.,,,1.0,2.0,1.0,Classic,Minion,9494.0
Acidic Swamp Ooze,Battlecry: Destroy your opponent's weapon.,,,2.0,3.0,2.0,Basic,Minion,11243.0
Acolyte of Pain,"Whenever this minion takes damage, draw a card.",,,3.0,1.0,3.0,Classic,Minion,11344.0
Amani Berserker,Enrage: +3 Attack,,,2.0,2.0,3.0,Classic,Minion,5077.0
Ancient Brewmaster,Battlecry: Return a friendly minion from the battlefield to your hand.,,,4.0,5.0,4.0,Classic,Minion,1780.0
Annoy-o-Tron,Taunt Divine Shield,Mech,Mech,2.0,1.0,2.0,Goblins vs Gnomes,Minion,5455.0
Anodized Robo Cub,Taunt. Choose One - +1 Attack; or +1 Health.,Mech,Mech,2.0,2.0,2.0,Goblins vs Gnomes,Minion,517.0
Antique Healbot,Battlecry: Restore 8 Health to your hero.,Mech,Mech,5.0,3.0,3.0,Goblins vs Gnomes,Minion,8407.0
Anub'ar Ambusher,Deathrattle: Return a random friendly minion to your hand.,,,4.0,5.0,5.0,Naxxramas,Minion,334.0
Anubisath Sentinel,Deathrattle: Give a random friendly minion +3/+3.,,,5.0,4.0,4.0,The League of Explorers,Minion,122.0
Arathi Weaponsmith,Battlecry: Equip a 2/2 weapon.,,,4.0,3.0,3.0,Classic,Minion,2282.0
Archmage,Spell Damage +1,,,6.0,4.0,7.0,Basic,Minion,1999.0
Argent Horserider,Charge Divine Shield,,,3.0,2.0,1.0,The Grand Tournament,Minion,882.0
Argent Protector,Battlecry: Give a friendly minion Divine Shield.,,,2.0,2.0,2.0,Classic,Minion,4569.0
Argent Squire,Divine Shield,,,1.0,1.0,1.0,Classic,Minion,9103.0
Axe Flinger,"Whenever this minion takes damage, deal 2 damage to the enemy hero.",,,4.0,2.0,5.0,Blackrock Mountain,Minion,218.0
Blackwing Corruptor,"Battlecry: If you're holding a Dragon, deal 3 damage.",,,5.0,5.0,4.0,Blackrock Mountain,Minion,1775.0
Blackwing Technician,"Battlecry: If you're holding a Dragon, gain +1/+1.",,,3.0,2.0,4.0,Blackrock Mountain,Minion,1390.0
Blood Imp,"Stealth. At the end of your turn, give another random friendly minion +1 Health.",Demon,Demon,1.0,0.0,1.0,Classic,Minion,2263.0
Bloodsail Raider,Battlecry: Gain Attack equal to the Attack of your weapon.,Pirate,Pirate,2.0,2.0,3.0,Classic,Minion,3353.0
Bluegill Warrior,Charge,Murloc,Murloc,2.0,2.0,1.0,Basic,Minion,4668.0
Boneguard Lieutenant,Inspire: Gain +1 Health.,,,2.0,3.0,2.0,The Grand Tournament,Minion,224.0
Booty Bay Bodyguard,Taunt,,,5.0,5.0,4.0,Basic,Minion,1878.0
Brave Archer,"Inspire: If your hand is empty, deal 2 damage to the enemy hero.",,,1.0,2.0,1.0,The Grand Tournament,Minion,56.0
Buccaneer,"Whenever you equip a weapon, give it +1 Attack.",Pirate,Pirate,1.0,2.0,1.0,The Grand Tournament,Minion,298.0
Burly Rockjaw Trogg,"Whenever your opponent casts a spell, gain +2 Attack.",,,4.0,3.0,5.0,Goblins vs Gnomes,Minion,538.0
Captured Jormungar,,Beast,Beast,7.0,5.0,9.0,The Grand Tournament,Minion,122.0
Chillwind Yeti,,,,4.0,4.0,5.0,Basic,Minion,9998.0
Clockwork Gnome,Deathrattle: Add a Spare Part card to your hand.,Mech,Mech,1.0,2.0,1.0,Goblins vs Gnomes,Minion,3958.0
Clockwork Knight,Battlecry: Give a friendly Mech +1/+1.,Mech,Mech,5.0,5.0,5.0,The Grand Tournament,Minion,283.0
Cogmaster,Has +2 Attack while you have a Mech.,,,1.0,1.0,2.0,Goblins vs Gnomes,Minion,2440.0
Core Hound,,Beast,Beast,7.0,9.0,5.0,Basic,Minion,1385.0
Cruel Taskmaster,Battlecry: Deal 1 damage to a minion and give it +2 Attack.,,,2.0,2.0,2.0,Classic,Minion,5331.0
Cult Master,"Whenever one of your other minions dies, draw a card.",,,4.0,4.0,2.0,Classic,Minion,3476.0
Dalaran Aspirant,Inspire: Gain Spell Damage +1.,,,4.0,3.0,5.0,The Grand Tournament,Minion,153.0
Dalaran Mage,Spell Damage +1,,,3.0,1.0,4.0,Basic,Minion,1723.0
Dancing Swords,Deathrattle: Your opponent draws a card.,,,3.0,4.0,4.0,Naxxramas,Minion,1014.0
Dark Cultist,Deathrattle: Give a random friendly minion +3 Health.,,,3.0,3.0,4.0,Naxxramas,Minion,2745.0
Dark Iron Dwarf,Battlecry: Give a minion +2 Attack this turn.,,,4.0,4.0,4.0,Classic,Minion,6685.0
Dark Peddler,Battlecry: Discover a 1-Cost card.,,,2.0,2.0,2.0,The League of Explorers,Minion,738.0
Darkscale Healer,Battlecry: Restore 2 Health to all friendly characters.,,,5.0,4.0,5.0,Basic,Minion,3467.0
Defias Ringleader,Combo: Summon a 2/1 Defias Bandit.,,,2.0,2.0,2.0,Classic,Minion,2567.0
Desert Camel,Battlecry: Put a 1-Cost minion from each deck into the battlefield.,Beast,Beast,3.0,2.0,4.0,The League of Explorers,Minion,41.0
Dire Wolf Alpha,Adjacent minions have +1 Attack.,Beast,Beast,2.0,2.0,2.0,Classic,Minion,6643.0
Dragonhawk Rider,Inspire: Gain Windfury this turn.,,,3.0,3.0,3.0,The Grand Tournament,Minion,143.0
Dragonkin Sorcerer,"Whenever you target this minion with a spell, gain +1/+1.",Dragon,Dragon,4.0,3.0,5.0,Blackrock Mountain,Minion,645.0
Dragonling Mechanic,Battlecry: Summon a 2/1 Mechanical Dragonling.,,,4.0,2.0,4.0,Basic,Minion,1826.0
Drakonid Crusher,"Battlecry: If your opponent has 15 or less Health, gain +3/+3.",Dragon,Dragon,6.0,6.0,6.0,Blackrock Mountain,Minion,583.0
Dread Corsair,Taunt. Costs (1) less per Attack of your weapon.,Pirate,Pirate,4.0,3.0,3.0,Classic,Minion,2404.0
Dread Infernal,Battlecry: Deal 1 damage to ALL other characters.,Demon,Demon,6.0,6.0,6.0,Basic,Minion,1633.0
Druid of the Claw,Choose One - Charge; or +2 Health and Taunt.,,,5.0,4.0,4.0,Classic,Minion,7040.0
Druid of the Fang,"Battlecry: If you have a Beast, transform this minion into a 7/7.",,,5.0,4.0,4.0,Goblins vs Gnomes,Minion,312.0
Druid of the Flame,Choose One - Transform into a 5/2 minion; or a 2/5 minion.,,,3.0,2.0,2.0,Blackrock Mountain,Minion,340.0
Druid of the Saber,Choose One - Transform to gain Charge; or +1/+1 and Stealth.,,,2.0,2.0,1.0,The Grand Tournament,Minion,374.0
Dust Devil,Windfury. Overload: (2),,,1.0,3.0,1.0,Classic,Minion,443.0
Earthen Ring Farseer,Battlecry: Restore 3 Health.,,,3.0,3.0,3.0,Classic,Minion,8868.0
Elven Archer,Battlecry: Deal 1 damage.,,,1.0,1.0,1.0,Basic,Minion,3749.0
Ethereal Conjurer,Battlecry: Discover a spell.,,,5.0,6.0,3.0,The League of Explorers,Minion,313.0
Evil Heckler,Taunt,,,4.0,5.0,4.0,The Grand Tournament,Minion,246.0
Explosive Sheep,Deathrattle: Deal 2 damage to all minions.,Mech,Mech,2.0,1.0,1.0,Goblins vs Gnomes,Minion,1411.0
Faerie Dragon,Can't be targeted by spells or Hero Powers.,Dragon,Dragon,2.0,3.0,2.0,Classic,Minion,6470.0
Fearsome Doomguard,,Demon,Demon,7.0,6.0,8.0,The Grand Tournament,Minion,94.0
Fen Creeper,Taunt,,,5.0,3.0,6.0,Classic,Minion,2274.0
Fierce Monkey,Taunt,Beast,Beast,3.0,3.0,4.0,The League of Explorers,Minion,207.0
Fire Elemental,Battlecry: Deal 3 damage.,,,6.0,6.0,5.0,Basic,Minion,6204.0
Fireguard Destroyer,Battlecry: Gain 1-4 Attack. Overload: (1),,,4.0,3.0,6.0,Blackrock Mountain,Minion,641.0
Flame Imp,Battlecry: Deal 3 damage to your hero.,Demon,Demon,1.0,3.0,2.0,Classic,Minion,5000.0
Flame Juggler,Battlecry: Deal 1 damage to a random enemy.,,,2.0,2.0,3.0,The Grand Tournament,Minion,305.0
Flametongue Totem,Adjacent minions have +2 Attack.,Totem,Totem,2.0,0.0,3.0,Basic,Minion,6685.0
Flesheating Ghoul,"Whenever a minion dies, gain +1 Attack.",,,3.0,2.0,3.0,Classic,Minion,2136.0
Floating Watcher,"Whenever your hero takes damage on your turn, gain +2/+2.",Demon,Demon,5.0,4.0,4.0,Goblins vs Gnomes,Minion,819.0
Flying Machine,Windfury,Mech,Mech,3.0,1.0,4.0,Goblins vs Gnomes,Minion,323.0
Force-Tank MAX,Divine Shield,Mech,Mech,8.0,7.0,7.0,Goblins vs Gnomes,Minion,892.0
Fossilized Devilsaur,"Battlecry: If you control a Beast, gain Taunt.",,,8.0,8.0,8.0,The League of Explorers,Minion,39.0
Frigid Snobold,Spell Damage +1,,,4.0,2.0,6.0,The Grand Tournament,Minion,72.0
Frost Elemental,Battlecry: Freeze a character.,,,6.0,5.0,5.0,Classic,Minion,1794.0
Frostwolf Grunt,Taunt,,,2.0,2.0,2.0,Basic,Minion,1796.0
Frostwolf Warlord,Battlecry: Gain +1/+1 for each other friendly minion on the battlefield.,,,5.0,4.0,4.0,Basic,Minion,3723.0
Gadgetzan Jouster,"Battlecry: Reveal a minion in each deck. If yours costs more, gain +1/+1.",,,1.0,1.0,2.0,The Grand Tournament,Minion,259.0
Gilblin Stalker,Stealth,,,2.0,2.0,3.0,Goblins vs Gnomes,Minion,545.0
Gnomeregan Infantry,Charge Taunt,,,3.0,1.0,4.0,Goblins vs Gnomes,Minion,332.0
Gnomish Inventor,Battlecry: Draw a card.,,,4.0,2.0,4.0,Basic,Minion,5368.0
Goblin Auto-Barber,Battlecry: Give your weapon +1 Attack.,Mech,Mech,2.0,3.0,2.0,Goblins vs Gnomes,Minion,1001.0
Goldshire Footman,Taunt,,,1.0,1.0,2.0,Basic,Minion,2246.0
Gorillabot A-3,"Battlecry: If you control another Mech, Discover a Mech.",Mech,Mech,4.0,3.0,4.0,The League of Explorers,Minion,170.0
Grimscale Oracle,ALL other Murlocs have +1 Attack.,Murloc,Murloc,1.0,1.0,1.0,Basic,Minion,2277.0
Guardian of Kings,Battlecry: Restore 6 Health to your hero.,,,7.0,5.0,6.0,Basic,Minion,4110.0
Gurubashi Berserker,"Whenever this minion takes damage, gain +3 Attack.",,,5.0,2.0,7.0,Basic,Minion,4293.0
Harvest Golem,Deathrattle: Summon a 2/1 Damaged Golem.,Mech,Mech,3.0,2.0,3.0,Classic,Minion,16663.0
Haunted Creeper,Deathrattle: Summon two 1/1 Spectral Spiders.,Beast,Beast,2.0,1.0,2.0,Naxxramas,Minion,10398.0
Holy Champion,"Whenever a character is healed, gain +2 Attack.",,,4.0,3.0,5.0,The Grand Tournament,Minion,430.0
Huge Toad,Deathrattle: Deal 1 damage to a random enemy.,Beast,Beast,2.0,3.0,2.0,The League of Explorers,Minion,125.0
Hungry Dragon,Battlecry: Summon a random 1-Cost minion for your opponent.,Dragon,Dragon,4.0,5.0,6.0,Blackrock Mountain,Minion,983.0
Ice Rager,,,,3.0,5.0,2.0,The Grand Tournament,Minion,35.0
Imp Gang Boss,"Whenever this minion takes damage, summon a 1/1 Imp.",Demon,Demon,3.0,2.0,4.0,Blackrock Mountain,Minion,1783.0
Ironbark Protector,Taunt,,,8.0,8.0,8.0,Basic,Minion,2150.0
Ironbeak Owl,Battlecry: Silence a minion.,Beast,Beast,2.0,2.0,1.0,Classic,Minion,16952.0
Ironforge Rifleman,Battlecry: Deal 1 damage.,,,3.0,2.0,2.0,Basic,Minion,1048.0
Ironfur Grizzly,Taunt,Beast,Beast,3.0,3.0,3.0,Basic,Minion,5497.0
Jeweled Scarab,Battlecry: Discover a 3-Cost card.,Beast,Beast,2.0,1.0,1.0,The League of Explorers,Minion,689.0
Jungle Panther,Stealth,Beast,Beast,3.0,4.0,2.0,Classic,Minion,2389.0
Keeper of Uldaman,Battlecry: Set a minion's Attack and Health to 3.,,,4.0,3.0,4.0,The League of Explorers,Minion,568.0
King's Elekk,"Battlecry: Reveal a minion in each deck. If yours costs more, draw it.",Beast,Beast,2.0,3.0,2.0,The Grand Tournament,Minion,452.0
Kobold Geomancer,Spell Damage +1,,,2.0,2.0,2.0,Basic,Minion,4097.0
Kor'kron Elite,Charge,,,4.0,4.0,3.0,Basic,Minion,3087.0
Kvaldir Raider,Inspire: Gain +2/+2.,,,5.0,4.0,4.0,The Grand Tournament,Minion,299.0
Lance Carrier,Battlecry: Give a friendly minion +2 Attack.,,,2.0,1.0,2.0,The Grand Tournament,Minion,215.0
Leper Gnome,Deathrattle: Deal 2 damage to the enemy hero.,,,1.0,2.0,1.0,Classic,Minion,11418.0
Lightspawn,This minion's Attack is always equal to its Health.,,,4.0,0.0,5.0,Classic,Minion,2357.0
Loot Hoarder,Deathrattle: Draw a card.,,,2.0,2.0,1.0,Classic,Minion,11011.0
Lord of the Arena,Taunt,,,6.0,6.0,5.0,Basic,Minion,3157.0
Lost Tallstrider,,Beast,Beast,4.0,5.0,4.0,Goblins vs Gnomes,Minion,365.0
Lowly Squire,Inspire: Gain +1 Attack.,,,1.0,1.0,2.0,The Grand Tournament,Minion,224.0
Mad Bomber,Battlecry: Deal 3 damage randomly split between all other characters.,,,2.0,3.0,2.0,Classic,Minion,2641.0
Mad Scientist,Deathrattle: Put a Secret from your deck into the battlefield.,,,2.0,2.0,2.0,Naxxramas,Minion,6697.0
Maiden of the Lake,Your Hero Power costs (1).,,,4.0,2.0,6.0,The Grand Tournament,Minion,380.0
Mana Wyrm,"Whenever you cast a spell, gain +1 Attack.",,,1.0,1.0,3.0,Classic,Minion,6637.0
Mechanical Yeti,Deathrattle: Give each player a Spare Part.,Mech,Mech,4.0,4.0,5.0,Goblins vs Gnomes,Minion,3224.0
Mechwarper,Your Mechs cost (1) less.,Mech,Mech,2.0,2.0,3.0,Goblins vs Gnomes,Minion,3892.0
Micro Machine,"At the start of each turn, gain +1 Attack.",Mech,Mech,2.0,1.0,2.0,Goblins vs Gnomes,Minion,1710.0
Mogu'shan Warden,Taunt,,,4.0,1.0,7.0,Classic,Minion,2221.0
Mounted Raptor,Deathrattle: Summon a random 1-Cost minion.,Beast,Beast,3.0,3.0,2.0,The League of Explorers,Minion,223.0
Mukla's Champion,Inspire: Give your other minions +1/+1.,Beast,Beast,5.0,4.0,3.0,The Grand Tournament,Minion,567.0
Murloc Knight,Inspire: Summon a random Murloc.,Murloc,Murloc,4.0,3.0,4.0,The Grand Tournament,Minion,911.0
Murloc Tidehunter,Battlecry: Summon a 1/1 Murloc Scout.,Murloc,Murloc,2.0,2.0,1.0,Basic,Minion,3624.0
Murloc Tinyfin,,Murloc,Murloc,0.0,1.0,1.0,The League of Explorers,Minion,257.0
Museum Curator,Battlecry: Discover a Deathrattle card.,,,2.0,1.0,2.0,The League of Explorers,Minion,273.0
Nerub'ar Weblord,Minions with Battlecry cost (2) more.,,,2.0,1.0,4.0,Naxxramas,Minion,383.0
North Sea Kraken,Battlecry: Deal 4 damage.,,,9.0,9.0,7.0,The Grand Tournament,Minion,293.0
Obsidian Destroyer,"At the end of your turn, summon a 1/1 Scarab with Taunt.",,,7.0,7.0,7.0,The League of Explorers,Minion,59.0
Ogre Brute,50% chance to attack the wrong enemy.,,,3.0,4.0,4.0,Goblins vs Gnomes,Minion,853.0
Ogre Magi,Spell Damage +1,,,4.0,4.0,4.0,Basic,Minion,2765.0
Orgrimmar Aspirant,Inspire: Give your weapon +1 Attack.,,,3.0,3.0,3.0,The Grand Tournament,Minion,44.0
Piloted Shredder,Deathrattle: Summon a random 2-Cost minion.,Mech,Mech,4.0,4.0,3.0,Goblins vs Gnomes,Minion,12620.0
Pit Fighter,,,,5.0,5.0,6.0,The Grand Tournament,Minion,144.0
Pit Snake,Destroy any minion damaged by this minion.,Beast,Beast,1.0,2.0,1.0,The League of Explorers,Minion,51.0
Priestess of Elune,Battlecry: Restore 4 Health to your hero.,,,6.0,5.0,4.0,Classic,Minion,993.0
Puddlestomper,,Murloc,Murloc,2.0,3.0,2.0,Goblins vs Gnomes,Minion,732.0
Raging Worgen,Enrage: Windfury and +1 Attack,,,3.0,3.0,3.0,Classic,Minion,4249.0
Razorfen Hunter,Battlecry: Summon a 1/1 Boar.,,,3.0,2.0,3.0,Basic,Minion,2894.0
Refreshment Vendor,Battlecry: Restore 4 Health to each hero.,,,4.0,3.0,5.0,The Grand Tournament,Minion,320.0
Rumbling Elemental,"After you play a Battlecry minion, deal 2 damage to a random enemy.",,,4.0,2.0,6.0,The League of Explorers,Minion,98.0
Salty Dog,,Pirate,Pirate,5.0,7.0,4.0,Goblins vs Gnomes,Minion,255.0
Scarlet Crusader,Divine Shield,,,3.0,3.0,1.0,Classic,Minion,3825.0
Scavenging Hyena,"Whenever a friendly Beast dies, gain +2/+1.",Beast,Beast,2.0,2.0,2.0,Classic,Minion,3031.0
Shado-Pan Rider,Combo: Gain +3 Attack.,,,5.0,3.0,7.0,The Grand Tournament,Minion,87.0
Shattered Sun Cleric,Battlecry: Give a friendly minion +1/+1.,,,3.0,3.0,2.0,Basic,Minion,10952.0
Shieldbearer,Taunt,,,1.0,0.0,4.0,Classic,Minion,3041.0
Shielded Minibot,Divine Shield,Mech,Mech,2.0,2.0,2.0,Goblins vs Gnomes,Minion,3711.0
Ship's Cannon,"After you summon a Pirate, deal 2 damage to a random enemy.",,,2.0,2.0,3.0,Goblins vs Gnomes,Minion,488.0
Shrinkmeister,Battlecry: Give a minion -2 Attack this turn.,,,2.0,3.0,2.0,Goblins vs Gnomes,Minion,1556.0
Silent Knight,Stealth Divine Shield,,,3.0,2.0,2.0,The Grand Tournament,Minion,135.0
Silver Hand Knight,Battlecry: Summon a 2/2 Squire.,,,5.0,4.0,4.0,Classic,Minion,3381.0
Silver Hand Regent,Inspire: Summon a 1/1 Silver Hand Recruit.,,,3.0,3.0,3.0,The Grand Tournament,Minion,454.0
Silverback Patriarch,Taunt,Beast,Beast,3.0,1.0,4.0,Basic,Minion,1364.0
Silvermoon Guardian,Divine Shield,,,4.0,3.0,3.0,Classic,Minion,1640.0
Snowchugger,Freeze any character damaged by this minion.,Mech,Mech,2.0,2.0,3.0,Goblins vs Gnomes,Minion,2146.0
Sorcerer's Apprentice,Your spells cost (1) less.,,,2.0,3.0,2.0,Classic,Minion,5143.0
Southsea Deckhand,Has Charge while you have a weapon equipped.,Pirate,Pirate,1.0,2.0,1.0,Classic,Minion,2746.0
Spectral Knight,Can't be targeted by spells or Hero Powers.,,,5.0,4.0,6.0,Naxxramas,Minion,1541.0
Spellbreaker,Battlecry: Silence a minion.,,,4.0,4.0,3.0,Classic,Minion,7106.0
Spellslinger,Battlecry: Add a random spell to each player's hand.,,,3.0,3.0,4.0,The Grand Tournament,Minion,311.0
Spider Tank,,Mech,Mech,3.0,3.0,4.0,Goblins vs Gnomes,Minion,3433.0
Spiteful Smith,Enrage: Your weapon has +2 Attack.,,,5.0,4.0,6.0,Classic,Minion,1852.0
Starving Buzzard,"Whenever you summon a Beast, draw a card.",Beast,Beast,5.0,3.0,2.0,Basic,Minion,3920.0
Stoneskin Gargoyle,"At the start of your turn, restore this minion to full Health.",,,3.0,1.0,4.0,Naxxramas,Minion,443.0
Stonesplinter Trogg,"Whenever your opponent casts a spell, gain +1 Attack.",,,2.0,2.0,3.0,Goblins vs Gnomes,Minion,525.0
Stormpike Commando,Battlecry: Deal 2 damage.,,,5.0,4.0,2.0,Basic,Minion,1638.0
Stormwind Champion,Your other minions have +1/+1.,,,7.0,6.0,6.0,Basic,Minion,6250.0
Stormwind Knight,Charge,,,4.0,2.0,5.0,Basic,Minion,1768.0
Stranglethorn Tiger,Stealth,Beast,Beast,5.0,5.0,5.0,Classic,Minion,2898.0
Summoning Portal,"Your minions cost (2) less, but not less than (1).",,,4.0,0.0,4.0,Classic,Minion,820.0
Tauren Warrior,Taunt. Enrage: +3 Attack,,,3.0,2.0,3.0,Classic,Minion,1786.0
Temple Enforcer,Battlecry: Give a friendly minion +3 Health.,,,6.0,6.0,6.0,Classic,Minion,2105.0
Thrallmar Farseer,Windfury,,,3.0,2.0,3.0,Classic,Minion,883.0
Tinkertown Technician,"Battlecry: If you have a Mech, gain +1/+1 and add a Spare Part to your hand.",,,3.0,3.0,3.0,Goblins vs Gnomes,Minion,2914.0
Tomb Pillager,Deathrattle: Add a Coin to your hand.,,,4.0,5.0,4.0,The League of Explorers,Minion,199.0
Tomb Spider,Battlecry: Discover a Beast.,Beast,Beast,4.0,3.0,3.0,The League of Explorers,Minion,250.0
Totem Golem,Overload: (1),Totem,Totem,2.0,3.0,4.0,The Grand Tournament,Minion,969.0
Tournament Attendee,Taunt,,,1.0,2.0,1.0,The Grand Tournament,Minion,86.0
Tournament Medic,Inspire: Restore 2 Health to your hero.,,,4.0,1.0,8.0,The Grand Tournament,Minion,345.0
Tundra Rhino,Your Beasts have Charge.,Beast,Beast,5.0,2.0,5.0,Basic,Minion,2312.0
Tunnel Trogg,"Whenever you Overload, gain +1 Attack per locked Mana Crystal.",,,1.0,1.0,3.0,The League of Explorers,Minion,396.0
Tuskarr Totemic,Battlecry: Summon ANY random Totem.,,,3.0,3.0,2.0,The Grand Tournament,Minion,756.0
Twilight Whelp,"Battlecry: If you're holding a Dragon, gain +2 Health.",Dragon,Dragon,1.0,2.0,1.0,Blackrock Mountain,Minion,694.0
Unbound Elemental,"Whenever you play a card with Overload, gain +1/+1.",,,3.0,2.0,4.0,Classic,Minion,2936.0
Undercity Valiant,Combo: Deal 1 damage.,,,2.0,3.0,2.0,The Grand Tournament,Minion,96.0
Undertaker,"Whenever you summon a minion with Deathrattle, gain +1 Attack.",,,1.0,1.0,2.0,Naxxramas,Minion,3060.0
Unstable Ghoul,Taunt. Deathrattle: Deal 1 damage to all minions.,,,2.0,1.0,3.0,Naxxramas,Minion,2497.0
Venture Co. Mercenary,Your minions cost (3) more.,,,5.0,7.0,6.0,Classic,Minion,2100.0
Voidcaller,Deathrattle: Put a random Demon from your hand into the battlefield.,Demon,Demon,4.0,3.0,4.0,Naxxramas,Minion,2109.0
Volcanic Drake,Costs (1) less for each minion that died this turn.,Dragon,Dragon,6.0,6.0,4.0,Blackrock Mountain,Minion,598.0
War Golem,,,,7.0,7.0,7.0,Basic,Minion,1107.0
Warbot,Enrage: +1 Attack.,Mech,Mech,1.0,1.0,3.0,Goblins vs Gnomes,Minion,312.0
Warhorse Trainer,Your Silver Hand Recruits have +1 Attack.,,,3.0,2.0,4.0,The Grand Tournament,Minion,294.0
Water Elemental,Freeze any character damaged by this minion.,,,4.0,3.0,6.0,Basic,Minion,5425.0
Webspinner,Deathrattle: Add a random Beast card to your hand.,Beast,Beast,1.0,1.0,1.0,Naxxramas,Minion,2821.0
Whirling Zap-o-matic,Windfury,Mech,Mech,2.0,3.0,2.0,Goblins vs Gnomes,Minion,955.0
Wildwalker,Battlecry: Give a friendly Beast +3 Health.,,,4.0,4.0,4.0,The Grand Tournament,Minion,127.0
Windfury Harpy,Windfury,,,6.0,4.0,5.0,Classic,Minion,1005.0
Windspeaker,Battlecry: Give a friendly minion Windfury.,,,4.0,3.0,3.0,Basic,Minion,1495.0
Wisp,,,,0.0,1.0,1.0,Classic,Minion,1042.0
Worgen Infiltrator,Stealth,,,1.0,2.0,1.0,Classic,Minion,2976.0
Wrathguard,"Whenever this minion takes damage, also deal that amount to your hero.",Demon,Demon,2.0,4.0,3.0,The Grand Tournament,Minion,152.0
Young Dragonhawk,Windfury,Beast,Beast,1.0,1.0,1.0,Classic,Minion,1104.0
Youthful Brewmaster,Battlecry: Return a friendly minion from the battlefield to your hand.,,,2.0,3.0,2.0,Classic,Minion,3450.0
Zombie Chow,Deathrattle: Restore 5 Health to the enemy hero.,,,1.0,2.0,3.0,Naxxramas,Minion,6523.0
Fiery War Axe,,,,2.0,3.0,2.0,Basic,Weapon,7428.0
Light's Justice,,,,1.0,1.0,4.0,Basic,Weapon,666.0
Ancestral Healing,Restore a minion to full Health and give it Taunt.,,,0.0,,,Basic,Spell,976.0
Arcane Explosion,Deal 1 damage to all enemy minions.,,,2.0,,,Basic,Spell,2653.0
Arcane Intellect,Draw 2 cards.,,,3.0,,,Basic,Spell,8408.0
Arcane Missiles,Deal 3 damage randomly split among all enemies.,,,1.0,,,Basic,Spell,5738.0
Arcane Shot,Deal 2 damage.,,,1.0,,,Basic,Spell,3082.0
Assassinate,Destroy an enemy minion.,,,5.0,,,Basic,Spell,2654.0
Backstab,Deal 2 damage to an undamaged minion.,,,0.0,,,Basic,Spell,6826.0
Blessing of Might,Give a minion +3 Attack.,,,1.0,,,Basic,Spell,2906.0
Charge,Give a friendly minion +2 Attack and Charge.,,,3.0,,,Basic,Spell,1158.0
Claw,Give your hero +2 Attack this turn and 2 Armor.,,,1.0,,,Basic,Spell,2963.0
Deadly Poison,Give your weapon +2 Attack.,,,1.0,,,Basic,Spell,6565.0
Drain Life,Deal 2 damage. Restore 2 Health to your hero.,,,3.0,,,Basic,Spell,1745.0
Execute,Destroy a damaged enemy minion.,,,1.0,,,Basic,Spell,6586.0
Fireball,Deal 6 damage.,,,4.0,,,Basic,Spell,11435.0
Frost Shock,Deal 1 damage to an enemy character and Freeze it.,,,1.0,,,Basic,Spell,694.0
Hammer of Wrath,Deal 3 damage. Draw a card.,,,4.0,,,Basic,Spell,4346.0
Hand of Protection,Give a minion Divine Shield.,,,1.0,,,Basic,Spell,1908.0
Healing Touch,Restore 8 Health.,,,3.0,,,Basic,Spell,2118.0
Hellfire,Deal 3 damage to ALL characters.,,,4.0,,,Basic,Spell,5037.0
Heroic Strike,Give your hero +4 Attack this turn.,,,2.0,,,Basic,Spell,1850.0
Hex,Transform a minion into a 0/1 Frog with Taunt.,,,3.0,,,Basic,Spell,7233.0
Holy Light,Restore 6 Health.,,,2.0,,,Basic,Spell,2006.0
Holy Smite,Deal 2 damage.,,,1.0,,,Basic,Spell,4827.0
Innervate,Gain 2 Mana Crystals this turn only.,,,0.0,,,Basic,Spell,8168.0
Mark of the Wild,Give a minion Taunt and +2/+2. (+2 Attack/+2 Health),,,2.0,,,Basic,Spell,3135.0
Mind Blast,Deal 5 damage to the enemy hero.,,,2.0,,,Basic,Spell,2151.0
Multi-Shot,Deal 3 damage to two random enemy minions.,,,4.0,,,Basic,Spell,2690.0
Polymorph,Transform a minion into a 1/1 Sheep.,,,4.0,,,Basic,Spell,7696.0
Power Word: Shield,Give a minion +2 Health. Draw a card.,,,1.0,,,Basic,Spell,9124.0
Rockbiter Weapon,Give a friendly character +3 Attack this turn.,,,1.0,,,Basic,Spell,6501.0
Sap,Return an enemy minion to your opponent's hand.,,,2.0,,,Basic,Spell,4728.0
Shadow Bolt,Deal 4 damage to a minion.,,,3.0,,,Basic,Spell,2771.0
Shadow Word: Pain,Destroy a minion with 3 or less Attack.,,,2.0,,,Basic,Spell,7382.0
Sinister Strike,Deal 3 damage to the enemy hero.,,,1.0,,,Basic,Spell,1323.0
Tracking,Look at the top three cards of your deck. Draw one and discard the others.,,,1.0,,,Basic,Spell,2784.0
Wild Growth,Gain an empty Mana Crystal.,,,2.0,,,Basic,Spell,4548.0
Windfury,Give a minion Windfury.,,,2.0,,,Basic,Spell,1438.0
Bloodfen Raptor,,Beast,Beast,2.0,3.0,2.0,Basic,Minion,2991.0
Boulderfist Ogre,,,,6.0,6.0,7.0,Basic,Minion,4370.0
Houndmaster,Battlecry: Give a friendly Beast +2/+2 and Taunt.,,,4.0,4.0,3.0,Basic,Minion,4663.0
Magma Rager,,,,3.0,5.0,1.0,Basic,Minion,382.0
Murloc Raider,,Murloc,Murloc,1.0,2.0,1.0,Basic,Minion,1917.0
Nightblade,Battlecry: Deal 3 damage to the enemy hero.,,,5.0,4.0,4.0,Basic,Minion,1671.0
Northshire Cleric,"Whenever a minion is healed, draw a card.",,,1.0,1.0,3.0,Basic,Minion,8893.0
Novice Engineer,Battlecry: Draw a card.,,,2.0,1.0,1.0,Basic,Minion,7381.0
Oasis Snapjaw,,Beast,Beast,4.0,2.0,7.0,Basic,Minion,1632.0
Raid Leader,Your other minions have +1 Attack.,,,3.0,2.0,2.0,Basic,Minion,3082.0
Reckless Rocketeer,Charge,,,6.0,5.0,2.0,Basic,Minion,1829.0
River Crocolisk,,Beast,Beast,2.0,2.0,3.0,Basic,Minion,2982.0
Sen'jin Shieldmasta,Taunt,,,4.0,3.0,5.0,Basic,Minion,13387.0
Stonetusk Boar,Charge,Beast,Beast,1.0,1.0,1.0,Basic,Minion,2738.0
Succubus,Battlecry: Discard a random card.,Demon,Demon,2.0,4.0,3.0,Basic,Minion,834.0
Timber Wolf,Your other Beasts have +1 Attack.,Beast,Beast,1.0,1.0,1.0,Basic,Minion,3986.0
Voidwalker,Taunt,Demon,Demon,1.0,1.0,3.0,Basic,Minion,6439.0
Voodoo Doctor,Battlecry: Restore 2 Health.,,,1.0,2.0,1.0,Basic,Minion,2715.0
Warsong Commander,Your Charge minions have +1 Attack.,,,3.0,2.0,3.0,Basic,Minion,2881.0
Wolfrider,Charge,,,3.0,3.0,1.0,Basic,Minion,4954.0
